CATALUNYA;GLOBAL;2021-10-03;2021-10-09;Si;;;60.8746;18.4039;13;4844.4866;2835;587;0.8955;19;0;0;7;6;14;7;1912;433;41;62
CATALUNYA;GLOBAL;2021-10-02;2021-10-08;Si;;;62.2903;18.4039;13;4942.1691;2908;583;0.8820;18;1;0;7;6;14;7;1951;430;40;64
CATALUNYA;GLOBAL;2021-10-01;2021-10-07;Si;;;70.7844;21.2353;15;5342.8090;3183;591;0.8765;19;1;0;9;6;16;7;2177;447;45;69
CATALUNYA;GLOBAL;2021-09-30;2021-10-06;Si;;;82.1099;24.0667;17;5539.5897;3312;601;0.9576;19;2;0;10;7;17;9;2258;457;54;63
CATALUNYA;GLOBAL;2021-09-29;2021-10-05;Si;;;89.1883;26.8980;19;5805.7392;3481;620;0.9961;22;4;2;12;7;19;9;2327;484;50;79
CATALUNYA;GLOBAL;2021-09-28;2021-10-04;Si;;;96.2668;33.9765;24;6128.5162;3729;600;1.1700;23;4;4;16;8;24;10;2449;457;48;84
CATALUNYA;GLOBAL;2021-09-27;2021-10-03;Si;;;96.2668;38.2235;27;6527.7404;3917;694;0.9597;28;4;6;19;8;21;9;2587;539;54;96
CATALUNYA;GLOBAL;2021-09-26;2021-10-02;Si;;;99.0982;42.4706;30;6410.2382;3919;609;1.0806;29;4;8;21;9;23;10;2577;477;55;98
CATALUNYA;GLOBAL;2021-09-25;2021-10-01;Si;;;101.9295;43.8863;31;6595.6934;4043;616;1.0831;32;3;9;22;9;24;10;2662;477;56;96
CATALUNYA;GLOBAL;2021-09-24;2021-09-30;Si;;;133.0747;49.5491;35;6594.2777;3992;666;1.2529;32;4;9;26;9;28;10;2550;483;58;108
CATALUNYA;GLOBAL;2021-09-23;2021-09-29;Si;;;157.1414;58.0432;41;6628.2543;3937;745;1.4039;38;3;9;30;11;32;11;2532;531;66;138
CATALUNYA;GLOBAL;2021-09-22;2021-09-28;Si;;;172.7140;62.2903;44;6714.6113;4017;726;1.3522;36;1;9;32;12;32;10;2597;509;88;155
CATALUNYA;GLOBAL;2021-09-21;2021-09-27;Si;;;184.0395;62.2903;44;6854.7645;4138;704;1.3043;32;1;8;32;12;32;10;2721;499;101;165
CATALUNYA;GLOBAL;2021-09-20;2021-09-26;Si;;;186.8709;58.0432;41;6960.9411;4301;616;1.3466;24;1;6;32;9;35;7;2707;412;102;164
CATALUNYA;GLOBAL;2021-09-19;2021-09-25;Si;;;184.0395;56.6275;40;6955.2783;4277;636;1.2496;28;1;5;32;8;33;6;2692;429;101;162
CATALUNYA;GLOBAL;2021-09-18;2021-09-24;Si;;;188.2865;58.0432;41;6942.5371;4273;631;1.3145;32;1;4;33;8;35;6;2692;427;103;164
CATALUNYA;GLOBAL;2021-09-17;2021-09-23;Si;;;182.6238;83.5256;59;7357.3339;4615;582;1.6909;44;1;7;50;9;50;7;2961;410;99;150
CATALUNYA;GLOBAL;2021-09-16;2021-09-22;Si;;;179.7924;99.0982;70;8189.7589;5249;536;1.7786;41;1;11;60;10;59;8;3375;392;89;118
CATALUNYA;GLOBAL;2021-09-15;2021-09-21;Si;;;193.9493;110.4237;78;8522.4457;5467;553;1.9862;41;1;10;66;12;66;12;3533;394;78;98
CATALUNYA;GLOBAL;2021-09-14;2021-09-20;Si;;;205.2748;121.7492;86;8632.8694;5489;609;2.2915;49;1;13;72;14;75;14;3457;427;70;84
CATALUNYA;GLOBAL;2021-09-13;2021-09-19;Si;;;215.1846;128.8276;91;8907.5130;5638;654;2.2359;55;1;14;75;16;75;16;3615;455;64;76
CATALUNYA;GLOBAL;2021-09-12;2021-09-18;Si;;;216.6003;127.4119;90;9000.9485;5703;655;2.2082;49;1;15;75;15;76;15;3671;450;64;77
CATALUNYA;GLOBAL;2021-09-11;2021-09-17;Si;;;215.1846;130.2433;92;9002.3642;5661;698;2.2298;46;1;18;76;16;76;16;3648;478;61;77
CATALUNYA;GLOBAL;2021-09-10;2021-09-16;Si;;;208.1062;99.0982;70;9143.9330;5756;703;1.7727;38;0;16;54;16;57;16;3634;484;63;96
CATALUNYA;GLOBAL;2021-09-09;2021-09-15;Si;;;193.9493;80.6942;57;8893.3561;5595;687;1.5510;36;0;12;44;13;48;13;3475;458;64;97
CATALUNYA;GLOBAL;2021-09-08;2021-09-14;Si;;;212.3532;83.5256;59;9142.5173;5765;693;1.7173;36;0;13;43;16;53;16;3553;465;69;91
CATALUNYA;GLOBAL;2021-09-07;2021-09-13;Si;;;225.0944;83.5256;59;9618.1887;6134;660;1.4810;33;0;11;40;19;44;19;3805;449;62;101
CATALUNYA;GLOBAL;2021-09-06;2021-09-12;Si;;;225.0944;86.3570;61;10621.9120;6852;651;1.3847;31;0;11;41;20;45;20;4241;453;66;112
CATALUNYA;GLOBAL;2021-09-05;2021-09-11;Si;;;227.9258;89.1883;63;10555.3746;6793;663;1.4602;34;0;9;41;22;46;22;4198;459;66;112
CATALUNYA;GLOBAL;2021-09-04;2021-09-10;Si;;;236.4200;84.9413;60;10568.1158;6836;629;1.3836;31;0;7;39;21;44;21;4257;441;66;111
CATALUNYA;GLOBAL;2021-09-03;2021-09-09;Si;;;246.3298;109.0080;77;11127.3128;7034;826;1.6400;34;0;7;54;23;58;23;4374;565;70;116
CATALUNYA;GLOBAL;2021-09-02;2021-09-08;Si;;;267.5651;113.2550;80;12337.7266;7873;842;1.5326;34;0;9;50;30;54;30;4922;559;86;132
CATALUNYA;GLOBAL;2021-09-01;2021-09-07;Si;;;267.5651;128.8276;91;13198.4653;8482;841;1.5747;33;0;11;68;23;70;23;5354;552;78;137
CATALUNYA;GLOBAL;2021-08-31;2021-09-06;Si;;;287.3847;141.5688;100;13613.2621;8634;982;1.8793;38;1;14;73;27;87;27;5452;614;81;128
CATALUNYA;GLOBAL;2021-08-30;2021-09-05;Si;;;290.2161;138.7374;98;13382.5049;8374;1079;1.8571;39;1;17;70;28;83;28;5322;655;81;116
CATALUNYA;GLOBAL;2021-08-29;2021-09-04;Si;;;293.0475;138.7374;98;13500.0070;8381;1155;1.8396;37;1;18;71;27;84;27;5321;713;81;118
CATALUNYA;GLOBAL;2021-08-28;2021-09-03;Si;;;342.5966;151.4786;107;13778.8977;8501;1232;1.8648;41;1;20;80;27;88;27;5409;758;82;121
CATALUNYA;GLOBAL;2021-08-27;2021-09-02;Si;;;352.5064;137.3218;97;14284.2985;8882;1208;1.6325;37;1;19;70;27;78;27;5689;743;79;130
CATALUNYA;GLOBAL;2021-08-26;2021-09-01;Si;;;376.5731;154.3100;109;14308.3653;8767;1340;1.8250;37;1;19;86;23;94;23;5573;838;72;129
CATALUNYA;GLOBAL;2021-08-25;2021-08-31;Si;;;368.0790;138.7374;98;14990.7272;9164;1425;1.5866;42;2;17;74;24;81;24;5725;893;82;141
CATALUNYA;GLOBAL;2021-08-24;2021-08-30;Si;;;369.4947;145.8159;103;15271.0335;9401;1386;1.5273;36;1;16;81;22;81;22;5840;904;84;163
CATALUNYA;GLOBAL;2021-08-23;2021-08-29;Si;;;414.7967;151.4786;107;16362.5295;10052;1506;1.4671;36;1;14;77;30;76;30;6252;973;82;177
CATALUNYA;GLOBAL;2021-08-22;2021-08-28;Si;;;427.5379;154.3100;109;16448.8865;10033;1586;1.5034;36;1;17;78;31;78;31;6246;1004;83;176
CATALUNYA;GLOBAL;2021-08-21;2021-08-27;Si;;;436.0321;191.1179;135;16856.6048;10195;1712;1.9244;40;1;19;99;36;106;36;6313;1066;84;173
CATALUNYA;GLOBAL;2021-08-20;2021-08-26;Si;;;465.7615;215.1846;152;17463.9353;10525;1811;2.0477;41;1;22;111;41;117;41;6553;1163;92;175
CATALUNYA;GLOBAL;2021-08-19;2021-08-25;Si;;;471.4243;222.2631;157;18664.4393;11331;1853;2.0655;44;1;24;108;49;121;50;7071;1208;98;177
CATALUNYA;GLOBAL;2021-08-18;2021-08-24;Si;;;471.4243;229.3415;162;18766.3689;11411;1845;2.1300;47;0;30;110;52;121;54;6999;1217;94;162
CATALUNYA;GLOBAL;2021-08-17;2021-08-23;Si;;;498.3224;223.6788;158;19639.8488;11937;1936;1.9231;51;0;36;102;56;110;57;7426;1258;99;146
CATALUNYA;GLOBAL;2021-08-16;2021-08-22;Si;;;557.7813;263.3180;186;20528.9012;12494;2007;2.1982;52;0;38;129;57;143;58;7820;1324;109;149
CATALUNYA;GLOBAL;2021-08-15;2021-08-21;Si;;;570.5225;273.2279;193;20550.1366;12582;1934;2.2712;59;0;39;130;63;144;64;7878;1280;108;149
CATALUNYA;GLOBAL;2021-08-14;2021-08-20;Si;;;554.9499;244.9141;173;20789.3879;12731;1954;2.0138;60;0;45;109;64;122;65;7946;1340;109;150
CATALUNYA;GLOBAL;2021-08-13;2021-08-19;Si;;;644.1383;250.5768;177;21337.2595;13126;1946;2.0477;65;0;54;112;65;128;66;8148;1326;131;167
CATALUNYA;GLOBAL;2021-08-12;2021-08-18;Si;;;669.6207;249.1612;176;21154.6356;13064;1879;2.0064;75;0;62;113;63;125;63;8083;1287;144;191
CATALUNYA;GLOBAL;2021-08-11;2021-08-17;Si;;;741.8208;242.0827;171;21389.6399;13120;1989;1.9005;74;0;62;107;64;120;63;8290;1339;149;202
CATALUNYA;GLOBAL;2021-08-10;2021-08-16;Si;;;787.1228;274.6436;194;22118.7196;13605;2019;2.1274;74;0;61;137;57;153;58;8552;1366;160;204
CATALUNYA;GLOBAL;2021-08-09;2021-08-15;Si;;;802.6954;294.4632;208;22895.9327;14193;1980;2.1771;80;0;66;140;68;157;67;8947;1342;154;190
CATALUNYA;GLOBAL;2021-08-08;2021-08-14;Si;;;816.8523;297.2946;210;23227.2038;14422;1985;2.1487;82;0;67;142;68;156;68;9070;1355;156;188
CATALUNYA;GLOBAL;2021-08-07;2021-08-13;Si;;;842.3347;310.0358;219;23272.5059;14507;1932;2.1764;77;0;65;149;70;159;69;9166;1310;161;186
CATALUNYA;GLOBAL;2021-08-06;2021-08-12;Si;;;930.1074;393.5614;278;24944.4342;15503;2117;2.6629;76;0;66;206;72;227;71;9767;1424;158;153
CATALUNYA;GLOBAL;2021-08-05;2021-08-11;Si;;;1002.3075;420.4595;297;25557.4274;15871;2182;2.6709;67;0;59;225;72;239;70;10104;1465;164;109
CATALUNYA;GLOBAL;2021-08-04;2021-08-10;Si;;;1112.7312;499.7380;353;26738.1117;16739;2148;3.0541;73;0;55;275;78;298;76;10788;1458;178;110
CATALUNYA;GLOBAL;2021-08-03;2021-08-09;Si;;;1175.0215;512.4792;362;27577.6151;17201;2279;3.1047;77;1;54;282;80;314;78;11074;1552;206;103
CATALUNYA;GLOBAL;2021-08-02;2021-08-08;Si;;;1258.5472;508.2322;359;27590.3563;17080;2409;3.1155;80;1;53;284;75;313;77;10885;1633;215;105
CATALUNYA;GLOBAL;2021-08-01;2021-08-07;Si;;;1271.2884;519.5577;367;28098.5885;17098;2750;3.1272;79;1;56;286;81;318;82;10910;1881;218;105
CATALUNYA;GLOBAL;2021-07-31;2021-08-06;Si;;;1295.3551;532.2989;376;28620.9776;17466;2751;3.2340;86;1;54;292;84;333;88;11157;1861;211;107
CATALUNYA;GLOBAL;2021-07-30;2021-08-05;Si;;;1360.4768;536.5460;379;27797.0468;16633;3002;3.3100;88;3;54;291;88;328;93;10715;2004;226;112
CATALUNYA;GLOBAL;2021-07-29;2021-08-04;Si;;;1540.2692;581.8480;411;27767.3174;16467;3147;3.7377;92;3;58;314;97;365;108;10583;2072;221;140
CATALUNYA;GLOBAL;2021-07-28;2021-08-03;Si;;;1603.9752;612.9931;433;27450.2031;15999;3391;3.9276;93;5;67;308;125;348;136;10125;2198;226;134
CATALUNYA;GLOBAL;2021-07-27;2021-08-02;Si;;;1656.3557;662.5422;468;26514.4329;15362;3367;4.2581;94;4;69;302;166;338;176;9890;2181;190;131
CATALUNYA;GLOBAL;2021-07-26;2021-08-01;Si;;;1731.3872;750.3149;530;25980.7183;14885;3467;4.6390;102;4;74;348;182;374;183;9716;2291;194;130
CATALUNYA;GLOBAL;2021-07-25;2021-07-31;Si;;;1744.1284;751.7306;531;25871.7102;14981;3294;4.6909;102;5;75;352;179;380;180;9770;2168;190;135
CATALUNYA;GLOBAL;2021-07-24;2021-07-30;Si;;;1762.5323;763.0561;539;25952.4045;14984;3348;4.6792;105;6;80;354;185;373;185;9721;2204;191;137
CATALUNYA;GLOBAL;2021-07-23;2021-07-29;Si;;;1732.8029;823.9308;582;25132.7208;14734;3019;5.2141;109;4;76;395;187;418;186;9561;2023;227;175
CATALUNYA;GLOBAL;2021-07-22;2021-07-28;Si;;;1795.0932;958.4212;677;24716.5083;14532;2927;5.8208;113;5;73;491;186;486;181;9469;1990;234;166
CATALUNYA;GLOBAL;2021-07-21;2021-07-27;Si;;;1758.2853;990.9820;700;23896.8246;13972;2908;6.0977;106;3;64;504;196;501;187;9238;2045;241;173
CATALUNYA;GLOBAL;2021-07-20;2021-07-26;Si;;;1705.9048;993.8134;702;22935.5720;13068;3133;6.3136;113;3;58;527;175;520;163;8600;2218;252;184
CATALUNYA;GLOBAL;2021-07-19;2021-07-25;Si;;;1612.4693;981.0722;693;20388.7481;11356;3046;6.9794;105;3;47;517;176;503;171;7517;2140;235;193
CATALUNYA;GLOBAL;2021-07-18;2021-07-24;Si;;;1591.2340;992.3977;701;19595.9624;10936;2906;7.2924;105;3;41;517;184;502;177;7274;2037;237;192
CATALUNYA;GLOBAL;2021-07-17;2021-07-23;Si;;;1545.9320;999.4761;706;18621.9686;10364;2790;7.6897;99;2;31;512;194;502;186;6977;1970;239;194
CATALUNYA;GLOBAL;2021-07-16;2021-07-22;Si;;;1385.9591;908.8721;642;17745.6573;9995;2540;7.1722;97;2;23;447;195;425;186;6721;1798;201;153
CATALUNYA;GLOBAL;2021-07-15;2021-07-21;Si;;;1180.6843;836.6719;591;16171.4115;9070;2353;7.3294;92;2;18;367;224;365;213;6208;1678;191;146
CATALUNYA;GLOBAL;2021-07-14;2021-07-20;Si;;;1037.6997;767.3032;542;14490.9891;8148;2088;7.6204;93;2;14;348;194;351;187;5590;1470;224;147
CATALUNYA;GLOBAL;2021-07-13;2021-07-19;Si;;;924.4446;712.0913;503;13010.1788;7539;1651;7.7834;78;2;10;318;185;313;180;5161;1173;235;162
CATALUNYA;GLOBAL;2021-07-12;2021-07-18;Si;;;788.5385;631.3971;446;12133.8675;7156;1415;7.5775;68;2;9;276;170;286;166;4944;1021;250;171
CATALUNYA;GLOBAL;2021-07-11;2021-07-17;Si;;;750.3149;598.8363;423;12053.1732;7160;1354;7.2706;59;2;5;268;155;276;155;4940;988;247;172
CATALUNYA;GLOBAL;2021-07-10;2021-07-16;Si;;;692.2717;546.4558;386;11525.1213;6773;1368;6.9644;51;2;3;252;134;259;134;4652;991;247;184
CATALUNYA;GLOBAL;2021-07-09;2021-07-15;Si;;;600.2519;477.0870;337;9990.5148;5679;1378;6.9669;46;3;4;212;125;220;125;3996;956;241;191
CATALUNYA;GLOBAL;2021-07-08;2021-07-14;Si;;;434.6164;344.0123;243;9047.6662;5032;1359;5.5017;45;3;3;150;93;153;91;3512;923;240;218
CATALUNYA;GLOBAL;2021-07-07;2021-07-13;Si;;;341.1809;270.3965;191;7981.6526;4320;1318;4.7705;37;3;3;110;81;107;79;3011;888;198;245
CATALUNYA;GLOBAL;2021-07-06;2021-07-12;Si;;;267.5651;212.3532;150;7270.9769;3758;1378;4.1725;36;4;4;81;69;82;67;2644;927;198;235
CATALUNYA;GLOBAL;2021-07-05;2021-07-11;Si;;;201.0277;157.1414;111;6557.4698;3353;1279;3.4417;36;4;3;57;54;58;51;2332;835;196;240
CATALUNYA;GLOBAL;2021-07-04;2021-07-10;Si;;;192.5336;151.4786;107;6398.9127;3332;1188;3.3366;41;5;3;53;54;54;49;2316;771;197;247
CATALUNYA;GLOBAL;2021-07-03;2021-07-09;Si;;;182.6238;145.8159;103;6265.8380;3359;1067;3.2662;45;5;3;52;51;53;46;2342;689;205;240
CATALUNYA;GLOBAL;2021-07-02;2021-07-08;Si;;;152.8943;123.1649;87;5298.9226;2847;896;3.1179;38;4;2;43;44;42;40;2026;604;244;273
CATALUNYA;GLOBAL;2021-07-01;2021-07-07;Si;;;117.5021;90.6040;64;4341.9171;2213;854;3.0023;30;3;3;34;30;36;29;1598;567;249;286
CATALUNYA;GLOBAL;2021-06-30;2021-07-06;Si;;;103.3452;70.7844;50;3978.0851;2085;725;2.4915;26;3;3;27;23;29;22;1559;488;247;271
CATALUNYA;GLOBAL;2021-06-29;2021-07-05;Si;;;100.5138;55.2118;39;3509.4921;1976;503;2.2552;22;2;2;22;17;24;17;1500;318;249;283
CATALUNYA;GLOBAL;2021-06-28;2021-07-04;Si;;;84.9413;43.8863;31;3338.1938;2006;352;1.8976;17;2;2;20;11;22;11;1510;229;251;289
CATALUNYA;GLOBAL;2021-06-27;2021-07-03;Si;;;77.8628;41.0549;29;3319.7899;2004;341;1.7878;12;0;5;20;9;22;9;1513;221;254;288
CATALUNYA;GLOBAL;2021-06-26;2021-07-02;Si;;;70.7844;36.8079;26;3139.9974;1909;309;1.6504;8;0;5;20;6;20;7;1429;207;247;291
CATALUNYA;GLOBAL;2021-06-25;2021-07-01;Si;;;59.4589;29.7294;21;2913.4872;1766;292;1.4094;12;0;4;16;5;15;6;1296;194;181;256
CATALUNYA;GLOBAL;2021-06-24;2021-06-30;Si;;;55.2118;26.8980;19;2664.3260;1679;203;1.3659;15;0;3;15;4;14;5;1244;147;138;192
CATALUNYA;GLOBAL;2021-06-23;2021-06-29;Si;;;52.3804;32.5608;23;2467.5453;1564;179;1.7829;20;0;3;17;6;17;6;1160;130;141;179
CATALUNYA;GLOBAL;2021-06-22;2021-06-28;Si;;;50.9647;45.3020;32;2375.5255;1495;183;2.5620;22;1;5;21;11;21;11;1115;134;150;180
CATALUNYA;GLOBAL;2021-06-21;2021-06-27;Si;;;43.8863;41.0549;29;2232.5410;1400;177;2.2785;23;1;5;19;10;17;10;1055;130;153;172
CATALUNYA;GLOBAL;2021-06-20;2021-06-26;Si;;;41.0549;36.8079;26;2207.0586;1395;164;2.0322;22;1;4;18;8;16;8;1059;122;156;172
CATALUNYA;GLOBAL;2021-06-19;2021-06-25;Si;;;36.8079;33.9765;24;2130.6114;1338;167;1.8820;21;1;4;15;9;14;8;1041;128;170;168
CATALUNYA;GLOBAL;2021-06-18;2021-06-24;Si;;;33.9765;29.7294;21;2187.2389;1379;166;1.6353;17;1;5;13;8;13;7;1096;127;214;209
CATALUNYA;GLOBAL;2021-06-17;2021-06-23;Si;;;35.3922;28.3137;20;2419.4119;1508;201;1.4105;12;1;5;12;8;12;7;1189;158;276;245
CATALUNYA;GLOBAL;2021-06-16;2021-06-22;Si;;;28.3137;19.8196;14;2519.9258;1575;205;0.9380;11;1;6;8;6;7;6;1222;164;273;259
CATALUNYA;GLOBAL;2021-06-15;2021-06-21;Si;;;18.4039;5.6627;4;2524.1728;1571;212;0.2146;11;1;4;3;1;2;1;1224;174;271;246
CATALUNYA;GLOBAL;2021-06-14;2021-06-20;Si;;;14.1568;2.8313;2;2637.4279;1634;229;0.1360;11;1;4;1;1;1;1;1283;188;280;243
CATALUNYA;GLOBAL;2021-06-13;2021-06-19;Si;;;16.9882;4.2470;3;2636.0122;1635;227;0.2076;12;2;3;2;1;2;1;1261;184;281;237
CATALUNYA;GLOBAL;2021-06-12;2021-06-18;Si;;;15.5725;2.8313;2;2637.4279;1633;230;0.1393;14;2;5;2;0;2;0;1250;186;266;234
CATALUNYA;GLOBAL;2021-06-11;2021-06-17;Si;;;16.9882;4.2470;3;2627.5181;1629;227;0.2104;14;2;4;2;1;2;1;1240;186;281;252
CATALUNYA;GLOBAL;2021-06-10;2021-06-16;Si;;;18.4039;7.0784;5;2716.7065;1681;238;0.3463;15;2;5;4;1;4;1;1250;194;279;314
CATALUNYA;GLOBAL;2021-06-09;2021-06-15;Si;;;19.8196;8.4941;6;2705.3810;1681;230;0.4167;12;2;5;5;1;5;1;1253;187;297;331
CATALUNYA;GLOBAL;2021-06-08;2021-06-14;Si;;;19.8196;12.7411;9;2677.0672;1663;228;0.6419;11;1;6;6;3;6;3;1219;183;279;345
CATALUNYA;GLOBAL;2021-06-07;2021-06-13;Si;;;19.8196;11.3255;8;2603.4514;1627;212;0.5930;12;1;6;5;3;5;3;1176;173;297;333
CATALUNYA;GLOBAL;2021-06-06;2021-06-12;Si;;;18.4039;12.7411;9;2613.3612;1631;215;0.6579;10;0;5;4;5;4;5;1190;178;291;335
CATALUNYA;GLOBAL;2021-06-05;2021-06-11;Si;;;19.8196;12.7411;9;2648.7534;1654;217;0.6517;8;0;3;4;5;4;5;1206;175;290;338
CATALUNYA;GLOBAL;2021-06-04;2021-06-10;Si;;;22.6510;12.7411;9;2699.7182;1670;237;0.6383;9;0;3;5;4;5;4;1217;193;296;374
CATALUNYA;GLOBAL;2021-06-03;2021-06-09;Si;;;21.2353;11.3255;8;2553.9023;1604;200;0.5865;10;1;2;4;4;4;4;1201;163;276;356
CATALUNYA;GLOBAL;2021-06-02;2021-06-08;Si;;;29.7294;11.3255;8;2594.9573;1637;196;0.5801;10;1;1;4;4;4;4;1222;157;283;391
CATALUNYA;GLOBAL;2021-06-01;2021-06-07;Si;;;32.5608;7.0784;5;2743.6046;1740;198;0.3418;11;2;0;3;2;3;2;1304;159;281;423
CATALUNYA;GLOBAL;2021-05-31;2021-06-06;Si;;;35.3922;8.4941;6;2846.9498;1793;218;0.3942;10;2;2;4;2;4;2;1346;176;262;461
CATALUNYA;GLOBAL;2021-05-30;2021-06-05;Si;;;32.5608;5.6627;4;2872.4322;1807;222;0.2613;12;2;2;4;0;4;0;1354;177;260;473
CATALUNYA;GLOBAL;2021-05-29;2021-06-04;Si;;;32.5608;7.0784;5;2919.1500;1831;231;0.3207;13;2;2;5;0;5;0;1374;185;260;481
CATALUNYA;GLOBAL;2021-05-28;2021-06-03;Si;;;33.9765;9.9098;7;2974.3618;1865;236;0.5028;13;2;5;5;2;6;2;1404;187;284;556
CATALUNYA;GLOBAL;2021-05-27;2021-06-02;Si;;;36.8079;9.9098;7;3047.9776;1912;241;0.6139;12;1;7;5;2;8;2;1442;187;296;584
CATALUNYA;GLOBAL;2021-05-26;2021-06-01;Si;;;38.2235;18.4039;13;3035.2364;1901;243;0.9113;15;1;7;10;3;12;3;1456;190;290;567
CATALUNYA;GLOBAL;2021-05-25;2021-05-31;Si;;;43.8863;25.4823;18;3172.5582;1984;257;1.1682;14;0;8;13;5;15;5;1514;198;316;550
CATALUNYA;GLOBAL;2021-05-24;2021-05-30;Si;;;48.1334;26.8980;19;3009.7540;1882;244;1.3656;15;1;7;12;7;15;7;1427;184;295;517
CATALUNYA;GLOBAL;2021-05-23;2021-05-29;Si;;;49.5491;26.8980;19;2980.0246;1868;237;1.3819;14;1;7;12;7;15;7;1416;176;297;506
CATALUNYA;GLOBAL;2021-05-22;2021-05-28;Si;;;48.1334;25.4823;18;2900.7460;1822;227;1.3619;17;1;7;11;7;14;7;1376;166;299;515
CATALUNYA;GLOBAL;2021-05-21;2021-05-27;Si;;;46.7177;24.0667;17;2795.9851;1766;209;1.2821;16;1;4;12;5;14;5;1327;155;270;523
CATALUNYA;GLOBAL;2021-05-20;2021-05-26;Si;;;48.1334;26.8980;19;2869.6009;1777;250;1.3378;18;1;3;14;5;15;5;1307;188;336;483
CATALUNYA;GLOBAL;2021-05-19;2021-05-25;Si;;;43.8863;19.8196;14;2999.8442;1858;261;1.0904;16;1;3;10;4;13;4;1359;200;371;447
CATALUNYA;GLOBAL;2021-05-18;2021-05-24;Si;;;36.8079;18.4039;13;2972.9461;1844;256;0.9073;15;1;3;11;2;12;2;1350;193;371;432
CATALUNYA;GLOBAL;2021-05-17;2021-05-23;Si;;;39.6392;21.2353;15;3125.8405;1929;279;0.9732;12;1;3;14;1;15;1;1433;211;385;423
CATALUNYA;GLOBAL;2021-05-16;2021-05-22;Si;;;43.8863;22.6510;16;3154.1543;1949;279;1.0235;11;1;4;15;1;16;1;1450;211;389;415
CATALUNYA;GLOBAL;2021-05-15;2021-05-21;Si;;;48.1334;22.6510;16;3147.0758;1951;272;1.0167;10;1;5;15;1;16;1;1463;209;392;388
CATALUNYA;GLOBAL;2021-05-14;2021-05-20;Si;;;52.3804;22.6510;16;3217.8603;1984;289;0.9395;10;2;5;15;1;15;1;1489;214;437;371
CATALUNYA;GLOBAL;2021-05-13;2021-05-19;Si;;;49.5491;21.2353;15;3256.0839;2032;268;0.7955;10;2;4;14;1;13;1;1558;202;424;501
CATALUNYA;GLOBAL;2021-05-12;2021-05-18;Si;;;56.6275;24.0667;17;3345.2723;2085;278;0.8269;9;3;4;14;3;12;3;1608;206;435;572
CATALUNYA;GLOBAL;2021-05-11;2021-05-17;Si;;;56.6275;18.4039;13;3258.9152;2020;282;0.7324;12;3;3;10;3;10;3;1560;215;450;610
CATALUNYA;GLOBAL;2021-05-10;2021-05-16;Si;;;60.8746;18.4039;13;3424.5508;2142;277;0.6459;15;3;2;11;2;10;2;1643;215;500;619
CATALUNYA;GLOBAL;2021-05-09;2021-05-15;Si;;;59.4589;21.2353;15;3474.0999;2166;288;0.7966;18;3;2;12;3;12;3;1659;224;507;619
CATALUNYA;GLOBAL;2021-05-08;2021-05-14;Si;;;60.8746;25.4823;18;3584.5236;2228;304;0.9302;17;3;4;13;5;13;5;1700;235;527;619
CATALUNYA;GLOBAL;2021-05-07;2021-05-13;Si;;;84.9413;29.7294;21;3812.4495;2375;318;1.2279;17;2;4;14;7;18;7;1794;242;604;652
CATALUNYA;GLOBAL;2021-05-06;2021-05-12;Si;;;114.6707;28.3137;20;3867.6614;2398;334;1.1662;18;2;6;13;7;17;7;1807;251;623;762
CATALUNYA;GLOBAL;2021-05-05;2021-05-11;Si;;;127.4119;32.5608;23;4027.6342;2515;330;1.4191;20;1;7;17;6;24;6;1865;249;610;926
CATALUNYA;GLOBAL;2021-05-04;2021-05-10;Si;;;145.8159;38.2235;27;4132.3952;2582;337;1.5200;21;1;8;21;6;27;6;1916;255;595;1024
CATALUNYA;GLOBAL;2021-05-03;2021-05-09;Si;;;175.5453;42.4706;30;4189.0227;2608;351;1.8544;26;0;8;23;7;32;9;1943;268;600;1030
CATALUNYA;GLOBAL;2021-05-02;2021-05-08;Si;;;188.2865;38.2235;27;4200.3482;2612;355;1.6629;25;0;7;21;6;29;8;1951;274;590;1030
CATALUNYA;GLOBAL;2021-05-01;2021-05-07;Si;;;191.1179;35.3922;25;4296.6150;2677;358;1.4932;25;0;5;20;5;28;6;2002;275;574;1031
CATALUNYA;GLOBAL;2021-04-30;2021-05-06;Si;;;199.6121;55.2118;39;4450.9251;2795;349;1.7500;28;0;5;34;5;36;6;2125;275;609;1457
CATALUNYA;GLOBAL;2021-04-29;2021-05-05;Si;;;206.6905;86.3570;61;4470.7447;2808;350;2.7466;31;0;4;55;6;59;7;2131;272;571;1753
CATALUNYA;GLOBAL;2021-04-28;2021-05-04;Si;;;205.2748;94.8511;67;4256.9758;2659;348;2.9527;35;1;3;58;9;58;10;2033;270;564;2083
CATALUNYA;GLOBAL;2021-04-27;2021-05-03;Si;;;210.9376;107.5923;76;4293.7837;2668;365;3.4244;37;1;2;64;12;66;13;2025;282;593;2231
CATALUNYA;GLOBAL;2021-04-26;2021-05-02;Si;;;205.2748;133.0747;94;4463.6663;2791;362;4.0748;34;1;2;75;19;80;18;2120;285;545;2215
CATALUNYA;GLOBAL;2021-04-25;2021-05-01;Si;;;210.9376;150.0629;106;4422.6113;2758;366;4.6238;34;1;3;76;30;81;29;2092;287;544;2215
CATALUNYA;GLOBAL;2021-04-24;2021-04-30;Si;;;213.7689;155.7257;110;4326.3445;2695;361;4.9441;42;2;5;81;29;86;29;2040;286;540;2215
CATALUNYA;GLOBAL;2021-04-23;2021-04-29;Si;;;192.5336;144.4002;102;3945.5243;2433;354;5.1659;45;3;5;72;30;80;29;1828;282;430;1702
CATALUNYA;GLOBAL;2021-04-22;2021-04-28;Si;;;168.4669;120.3335;85;3952.6027;2446;346;4.2017;45;3;6;55;30;61;29;1854;288;502;1743
CATALUNYA;GLOBAL;2021-04-21;2021-04-27;Si;;;157.1414;110.4237;78;3993.6577;2457;364;3.8426;43;2;8;49;29;56;28;1881;305;564;1936
CATALUNYA;GLOBAL;2021-04-20;2021-04-26;Si;;;147.2316;103.3452;73;3903.0536;2418;339;3.6591;40;2;8;47;26;54;25;1873;286;587;2156
CATALUNYA;GLOBAL;2021-04-19;2021-04-25;Si;;;121.7492;72.2001;51;3624.1629;2219;341;2.5987;43;3;9;32;19;34;18;1718;283;568;2158
CATALUNYA;GLOBAL;2021-04-18;2021-04-24;Si;;;111.8394;60.8746;43;3648.2296;2242;335;2.1266;47;4;9;33;10;34;9;1743;279;566;2158
CATALUNYA;GLOBAL;2021-04-17;2021-04-23;Si;;;109.0080;58.0432;41;3588.7707;2203;332;2.0979;39;3;11;30;11;32;10;1724;278;558;2157
CATALUNYA;GLOBAL;2021-04-16;2021-04-22;Si;;;103.3452;48.1334;34;3743.0808;2301;343;1.6827;37;2;13;26;8;27;8;1798;282;662;2416
CATALUNYA;GLOBAL;2021-04-15;2021-04-21;Si;;;110.4237;48.1334;34;3663.8022;2241;347;1.7893;35;2;14;25;9;26;10;1735;277;800;2165
CATALUNYA;GLOBAL;2021-04-14;2021-04-20;Si;;;125.9962;46.7177;33;3743.0808;2308;336;1.7638;33;2;15;26;7;29;7;1773;268;943;1612
CATALUNYA;GLOBAL;2021-04-13;2021-04-19;Si;;;133.0747;43.8863;31;3924.2889;2414;358;1.4815;31;2;15;24;7;25;7;1875;285;1015;1216
CATALUNYA;GLOBAL;2021-04-12;2021-04-18;Si;;;130.2433;49.5491;35;4418.3643;2542;579;1.4638;25;2;14;28;7;27;8;1955;436;1031;1219
CATALUNYA;GLOBAL;2021-04-11;2021-04-17;Si;;;124.5806;50.9647;36;4458.0035;2564;585;1.5404;21;3;14;28;8;29;8;1964;438;1033;1224
CATALUNYA;GLOBAL;2021-04-10;2021-04-16;Si;;;123.1649;50.9647;36;4589.6626;2639;603;1.4634;28;3;10;28;8;28;8;2013;447;1039;1228
CATALUNYA;GLOBAL;2021-04-09;2021-04-15;Si;;;123.1649;55.2118;39;4691.5922;2699;615;1.6673;28;3;12;30;9;33;9;2059;460;1386;1183
CATALUNYA;GLOBAL;2021-04-08;2021-04-14;Si;;;123.1649;62.2903;44;4869.9689;2799;641;1.7891;31;4;10;34;10;38;9;2142;485;1729;954
CATALUNYA;GLOBAL;2021-04-07;2021-04-13;Si;;;130.2433;79.2785;56;5154.5224;2913;728;2.1739;32;5;9;41;15;46;15;2249;557;2136;912
CATALUNYA;GLOBAL;2021-04-06;2021-04-12;Si;;;135.9061;89.1883;63;5352.7188;2979;802;2.3685;38;5;10;45;18;50;18;2277;594;2299;841
CATALUNYA;GLOBAL;2021-04-05;2021-04-11;Si;;;142.9845;80.6942;57;4598.1567;2646;602;2.4711;41;6;10;40;17;46;16;2042;467;2280;827
CATALUNYA;GLOBAL;2021-04-04;2021-04-10;Si;;;137.3218;73.6158;52;4593.9097;2651;594;2.2764;43;4;10;38;14;43;14;2042;462;2279;822
CATALUNYA;GLOBAL;2021-04-03;2021-04-09;Si;;;142.9845;72.2001;51;4470.7447;2574;584;2.2885;41;5;12;38;13;43;13;1989;458;2280;819
CATALUNYA;GLOBAL;2021-04-02;2021-04-08;Si;;;141.5688;67.9530;48;4061.6107;2304;565;2.2798;41;5;12;36;12;39;12;1789;448;1737;478
CATALUNYA;GLOBAL;2021-04-01;2021-04-07;Si;;;137.3218;60.8746;43;3895.9751;2210;542;2.1405;39;4;13;33;10;36;10;1720;429;1644;588
CATALUNYA;GLOBAL;2021-03-31;2021-04-06;Si;;;127.4119;50.9647;36;3687.8689;2138;467;1.8821;37;3;13;28;8;29;9;1660;359;1779;833
CATALUNYA;GLOBAL;2021-03-30;2021-04-05;Si;;;128.8276;46.7177;33;3435.8763;2039;388;1.8987;40;4;12;23;10;26;10;1588;308;2182;1060
CATALUNYA;GLOBAL;2021-03-29;2021-04-04;Si;;;148.6473;62.2903;44;4184.7756;2358;598;2.0623;43;2;12;29;15;32;15;1833;446;2235;1112
CATALUNYA;GLOBAL;2021-03-28;2021-04-03;Si;;;152.8943;63.7059;45;4173.4501;2338;610;2.1080;45;3;12;29;16;32;16;1821;456;2234;1112
CATALUNYA;GLOBAL;2021-03-27;2021-04-02;Si;;;157.1414;70.7844;50;4269.7170;2403;613;2.2279;44;3;10;33;17;35;17;1877;457;2242;1124
CATALUNYA;GLOBAL;2021-03-26;2021-04-01;Si;;;158.5571;73.6158;52;4613.7293;2603;656;2.0717;48;4;6;32;20;32;20;2028;482;2577;1589
CATALUNYA;GLOBAL;2021-03-25;2021-03-31;Si;;;158.5571;76.4471;54;4718.4903;2654;679;2.0776;45;4;5;35;19;34;19;2057;494;2412;1905
CATALUNYA;GLOBAL;2021-03-24;2021-03-30;Si;;;157.1414;76.4471;54;4666.1098;2609;687;2.1007;54;5;4;37;17;37;16;2022;501;1950;2160
CATALUNYA;GLOBAL;2021-03-23;2021-03-29;Si;;;152.8943;82.1099;58;4875.6317;2692;752;2.1829;49;4;6;44;14;44;14;2086;571;1324;2165
CATALUNYA;GLOBAL;2021-03-22;2021-03-28;Si;;;151.4786;86.3570;61;4855.8121;2709;721;2.2264;46;4;6;50;11;48;11;2106;544;1382;2246
CATALUNYA;GLOBAL;2021-03-21;2021-03-27;Si;;;154.3100;89.1883;63;4819.0042;2696;708;2.3167;43;5;6;51;12;49;12;2101;532;1382;2246
CATALUNYA;GLOBAL;2021-03-20;2021-03-26;Si;;;147.2316;86.3570;61;4779.3649;2670;706;2.2666;43;4;7;50;11;48;11;2075;528;1368;2239
CATALUNYA;GLOBAL;2021-03-19;2021-03-25;Si;;;147.2316;84.9413;60;4797.7688;2697;692;2.3673;39;3;9;50;10;52;10;2100;519;1194;2493
CATALUNYA;GLOBAL;2021-03-18;2021-03-24;Si;;;152.8943;82.1099;58;4813.3414;2689;711;2.3132;44;5;8;48;10;51;10;2100;537;925;2782
CATALUNYA;GLOBAL;2021-03-17;2021-03-23;Si;;;148.6473;80.6942;57;4816.1728;2685;717;2.0944;37;4;9;48;9;46;9;2081;545;673;2995
CATALUNYA;GLOBAL;2021-03-16;2021-03-22;Si;;;141.5688;70.7844;50;4644.8744;2612;669;2.0166;37;4;9;40;10;39;12;2025;504;609;3230
CATALUNYA;GLOBAL;2021-03-15;2021-03-21;Si;;;140.1531;65.1216;46;4844.4866;2722;700;1.8681;38;5;13;37;9;37;12;2104;519;622;3389
CATALUNYA;GLOBAL;2021-03-14;2021-03-20;Si;;;151.4786;65.1216;46;4886.9572;2735;717;1.8918;42;4;13;38;8;39;11;2109;534;624;3413
CATALUNYA;GLOBAL;2021-03-13;2021-03-19;Si;;;147.2316;60.8746;43;4889.7886;2735;719;1.8175;40;4;12;34;9;36;12;2101;540;661;3511
CATALUNYA;GLOBAL;2021-03-12;2021-03-18;Si;;;159.9728;62.2903;44;4964.8201;2776;731;1.7984;39;4;15;34;10;35;13;2114;555;648;3241
CATALUNYA;GLOBAL;2021-03-11;2021-03-17;Si;;;159.9728;70.7844;50;4954.9103;2729;771;1.9571;40;3;17;36;14;36;16;2074;583;829;2638
CATALUNYA;GLOBAL;2021-03-10;2021-03-16;Si;;;164.2198;67.9530;48;5021.4476;2774;773;2.0030;42;4;18;33;15;36;18;2113;583;1134;2052
CATALUNYA;GLOBAL;2021-03-09;2021-03-15;Si;;;172.7140;70.7844;50;5277.6873;2966;762;1.7787;47;6;17;35;15;36;14;2244;567;1353;1774
CATALUNYA;GLOBAL;2021-03-08;2021-03-14;Si;;;181.2081;75.0314;53;5467.3896;3111;751;1.8998;49;5;16;35;18;39;16;2319;576;1330;1682
CATALUNYA;GLOBAL;2021-03-07;2021-03-13;Si;;;181.2081;86.3570;61;5491.4563;3133;746;2.0991;51;4;15;38;23;42;19;2333;573;1329;1658
CATALUNYA;GLOBAL;2021-03-06;2021-03-12;Si;;;179.7924;86.3570;61;5509.8602;3129;763;2.0848;55;4;17;38;23;42;19;2339;587;1325;1600
CATALUNYA;GLOBAL;2021-03-05;2021-03-11;Si;;;182.6238;97.6825;69;5638.6879;3218;765;2.3738;57;5;14;44;25;48;23;2407;584;1571;1421
CATALUNYA;GLOBAL;2021-03-04;2021-03-10;Si;;;178.3767;89.1883;63;5845.3784;3421;708;2.1029;54;4;16;39;24;43;22;2554;537;1855;1313
CATALUNYA;GLOBAL;2021-03-03;2021-03-09;Si;;;182.6238;96.2668;68;6333.7910;3708;766;2.0764;52;7;16;44;24;48;21;2736;587;2178;1128
CATALUNYA;GLOBAL;2021-03-02;2021-03-08;Si;;;201.0277;101.9295;72;6635.3327;3878;809;2.1041;46;5;16;48;24;52;22;2895;622;2252;1231
CATALUNYA;GLOBAL;2021-03-01;2021-03-07;Si;;;199.6121;106.1766;75;7292.2122;4319;832;1.9216;44;5;15;53;22;54;20;3218;633;2250;1167
CATALUNYA;GLOBAL;2021-02-28;2021-03-06;Si;;;192.5336;94.8511;67;7258.2357;4290;837;1.7475;39;5;19;50;17;50;17;3196;638;2251;1178
CATALUNYA;GLOBAL;2021-02-27;2021-03-05;Si;;;203.8591;93.4354;66;7340.3457;4320;865;1.7317;34;6;19;50;16;51;16;3210;659;2239;1170
CATALUNYA;GLOBAL;2021-02-26;2021-03-04;Si;;;213.7689;84.9413;60;7579.5970;4484;870;1.4555;33;5;18;48;12;48;10;3320;665;2434;1222
CATALUNYA;GLOBAL;2021-02-25;2021-03-03;Si;;;239.2513;89.1883;63;8077.9195;4818;888;1.4758;34;6;18;54;9;55;8;3584;685;2690;1400
CATALUNYA;GLOBAL;2021-02-24;2021-03-02;Si;;;246.3298;86.3570;61;8443.1671;5098;866;1.3507;39;2;19;52;9;51;9;3781;661;2935;1430
CATALUNYA;GLOBAL;2021-02-23;2021-03-01;Si;;;247.7455;99.0982;70;8889.1091;5408;871;1.5679;43;3;20;60;10;63;10;3987;669;3171;1412
CATALUNYA;GLOBAL;2021-02-22;2021-02-28;Si;;;270.3965;93.4354;66;8822.5717;5304;928;1.5485;46;3;21;55;11;59;12;3886;699;3437;1708
CATALUNYA;GLOBAL;2021-02-21;2021-02-27;Si;;;274.6436;97.6825;69;8913.1758;5373;923;1.6000;48;3;25;57;12;61;13;3930;695;3465;1704
CATALUNYA;GLOBAL;2021-02-20;2021-02-26;Si;;;287.3847;110.4237;78;9071.7329;5518;890;1.6852;50;2;27;64;14;64;15;4017;671;3593;1896
CATALUNYA;GLOBAL;2021-02-19;2021-02-25;Si;;;302.9573;128.8276;91;9151.0115;5586;878;1.9954;53;2;31;73;18;76;19;4097;664;3555;2008
CATALUNYA;GLOBAL;2021-02-18;2021-02-24;Si;;;346.8437;150.0629;106;9688.9732;5953;891;2.2344;56;2;29;87;19;94;20;4421;681;3059;2009
CATALUNYA;GLOBAL;2021-02-17;2021-02-23;Si;;;394.9771;159.9728;113;9983.4364;6057;995;2.2861;57;2;31;93;20;100;20;4494;755;2305;2170
CATALUNYA;GLOBAL;2021-02-16;2021-02-22;Si;;;484.1655;148.6473;105;10653.0571;6422;1103;2.0528;59;1;29;89;16;97;18;4786;816;1942;2242
CATALUNYA;GLOBAL;2021-02-15;2021-02-21;Si;;;540.7930;176.9610;125;11076.3480;6826;998;2.1893;60;3;32;107;18;111;19;5176;762;1916;2874
CATALUNYA;GLOBAL;2021-02-14;2021-02-20;Si;;;542.2087;176.9610;125;11179.6933;6857;1040;2.1641;61;3;27;106;19;110;20;5213;794;1886;2868
CATALUNYA;GLOBAL;2021-02-13;2021-02-19;Si;;;546.4558;176.9610;125;11275.9601;6853;1112;2.1636;65;3;36;105;20;111;21;5242;859;1807;3201
CATALUNYA;GLOBAL;2021-02-12;2021-02-18;Si;;;560.6127;174.1297;123;12704.3900;7468;1506;1.8646;68;7;36;107;16;110;17;5682;1129;1419;3618
CATALUNYA;GLOBAL;2021-02-11;2021-02-17;Si;;;601.6676;196.7807;139;13620.3406;7769;1852;1.9874;70;6;38;119;20;124;21;5911;1385;1196;3972
CATALUNYA;GLOBAL;2021-02-10;2021-02-16;Si;;;658.2952;235.0043;166;14962.4134;8320;2249;2.0734;70;7;46;145;21;143;22;6259;1699;1120;4004
CATALUNYA;GLOBAL;2021-02-09;2021-02-15;Si;;;734.7424;335.5182;237;16058.1564;8879;2464;2.7523;75;8;49;206;31;203;31;6613;1889;1232;4395
CATALUNYA;GLOBAL;2021-02-08;2021-02-14;Si;;;804.1111;363.8319;257;17255.8290;9329;2860;2.8186;78;8;57;219;38;221;38;7013;2176;1054;4730
CATALUNYA;GLOBAL;2021-02-07;2021-02-13;Si;;;826.7621;365.2476;258;17679.1200;9507;2981;2.7624;84;9;66;220;38;222;38;7152;2260;1070;5106
CATALUNYA;GLOBAL;2021-02-06;2021-02-12;Si;;;876.3112;369.4947;261;18657.3608;10089;3090;2.6466;87;9;64;220;41;223;41;7630;2345;1075;5585
CATALUNYA;GLOBAL;2021-02-05;2021-02-11;Si;;;962.6682;386.4830;273;19087.7302;10278;3205;2.7051;94;6;75;228;45;231;46;7762;2478;1110;7161
CATALUNYA;GLOBAL;2021-02-04;2021-02-10;Si;;;1039.1154;404.8869;286;19983.8611;11034;3082;2.6665;100;6;90;240;46;236;47;8237;2376;1293;9326
CATALUNYA;GLOBAL;2021-02-03;2021-02-09;Si;;;1085.8332;423.2909;299;21182.9494;11921;3042;2.7469;113;6;90;252;47;264;47;8949;2373;1300;11700
CATALUNYA;GLOBAL;2021-02-02;2021-02-08;Si;;;1098.5744;399.2242;282;21413.7066;11858;3268;2.5406;118;5;100;237;45;246;45;8936;2518;1157;13650
CATALUNYA;GLOBAL;2021-02-01;2021-02-07;Si;;;1224.5706;440.2791;311;21892.2094;12145;3319;2.8226;122;4;103;264;47;279;50;9128;2528;1279;15007
CATALUNYA;GLOBAL;2021-01-31;2021-02-06;Si;;;1272.7041;461.5145;326;21794.5269;11965;3430;2.8953;123;3;108;278;48;287;49;8977;2628;1470;16614
CATALUNYA;GLOBAL;2021-01-30;2021-02-05;Si;;;1322.2532;506.8165;358;22087.5745;12039;3563;3.2186;132;3;117;298;60;317;60;9036;2677;1653;19085
CATALUNYA;GLOBAL;2021-01-29;2021-02-04;Si;;;1407.1945;576.1852;407;23656.1575;13016;3694;3.4250;142;4;134;333;74;359;73;9823;2790;1747;21757
CATALUNYA;GLOBAL;2021-01-28;2021-02-03;Si;;;1500.6299;634.2285;448;24577.7708;13134;4227;3.7191;160;4;133;343;105;383;108;9988;3214;1827;24379
CATALUNYA;GLOBAL;2021-01-27;2021-02-02;Si;;;1639.3674;662.5422;468;25919.8437;14056;4253;3.6869;163;4;146;343;125;383;130;10667;3247;2022;23285
CATALUNYA;GLOBAL;2021-01-26;2021-02-01;Si;;;1929.5836;699.3501;494;26888.1747;14660;4333;3.6966;164;4;150;362;132;399;138;11125;3402;2186;24410
CATALUNYA;GLOBAL;2021-01-25;2021-01-31;Si;;;2079.6466;784.2915;554;28109.9140;15044;4812;3.8451;177;4;167;411;143;435;145;11325;3759;2836;22818
CATALUNYA;GLOBAL;2021-01-24;2021-01-30;Si;;;2119.2859;811.1896;573;28874.3859;15517;4879;3.9365;184;4;179;411;162;445;165;11661;3835;2744;21069
CATALUNYA;GLOBAL;2021-01-23;2021-01-29;Si;;;2192.9017;815.4366;576;29289.1827;15560;5129;3.8680;184;5;176;417;159;443;163;11604;4063;2976;18369
CATALUNYA;GLOBAL;2021-01-22;2021-01-28;Si;;;2265.1018;831.0092;587;30871.9226;16302;5505;3.7430;192;4;180;422;165;438;173;12112;4212;3435;14510
CATALUNYA;GLOBAL;2021-01-21;2021-01-27;Si;;;2293.4156;866.4014;612;31787.8732;17141;5313;3.6879;193;5;188;460;152;461;152;12627;3995;3694;10028
CATALUNYA;GLOBAL;2021-01-20;2021-01-26;Si;;;2439.2315;976.8251;690;32328.6662;17342;5494;4.0186;201;5;184;514;176;510;173;12931;4065;3633;9344
CATALUNYA;GLOBAL;2021-01-19;2021-01-25;Si;;;2664.3260;1230.2334;869;36012.2881;19972;5466;4.5232;224;6;194;639;230;645;213;14982;3987;3891;5797
CATALUNYA;GLOBAL;2021-01-18;2021-01-24;Si;;;2777.5811;1295.3551;915;37207.1294;20833;5449;4.5126;223;6;183;667;248;661;225;15670;3964;4200;4787
CATALUNYA;GLOBAL;2021-01-17;2021-01-23;Si;;;2800.2321;1308.0963;924;37786.1460;21172;5519;4.5418;228;6;176;682;242;684;221;15939;3987;4429;4642
CATALUNYA;GLOBAL;2021-01-16;2021-01-22;Si;;;2841.2871;1377.4650;973;38341.0960;21598;5485;4.6714;235;6;177;719;254;719;222;16228;3916;4762;3829
CATALUNYA;GLOBAL;2021-01-15;2021-01-21;Si;;;2977.1932;1434.0926;1013;39473.6469;22438;5445;4.7136;235;5;161;743;270;753;232;16934;3963;6300;2566
CATALUNYA;GLOBAL;2021-01-14;2021-01-20;Si;;;3115.9307;1427.0141;1008;42159.2083;24185;5595;4.3875;233;7;154;741;267;756;226;18257;4125;8542;1556
CATALUNYA;GLOBAL;2021-01-13;2021-01-19;Si;;;2977.1932;1462.4063;1033;48889.3922;28388;6146;3.8768;229;6;148;770;263;784;219;21434;4438;10724;586
CATALUNYA;GLOBAL;2021-01-12;2021-01-18;Si;;;2791.7380;1434.0926;1013;52553.1945;30888;6234;3.5767;225;5;145;746;267;765;232;23368;4507;13038;244
CATALUNYA;GLOBAL;2021-01-11;2021-01-17;Si;;;2696.8869;1482.2260;1047;56014.5532;33124;6443;3.5276;229;4;138;783;264;821;230;25100;4694;14582;90
CATALUNYA;GLOBAL;2021-01-10;2021-01-16;Si;;;2706.7967;1492.1358;1054;55908.3766;33300;6192;3.4736;224;5;133;783;271;811;226;25345;4509;16288;0
CATALUNYA;GLOBAL;2021-01-09;2021-01-15;Si;;;2668.5731;1463.8220;1034;56542.6051;33863;6077;3.3539;223;6;136;741;293;772;246;25896;4457;19296;0
CATALUNYA;GLOBAL;2021-01-08;2021-01-14;Si;;;2551.0709;1543.1006;1090;57128.7002;34243;6111;3.4265;212;6;132;806;284;819;226;25978;4520;22328;0
CATALUNYA;GLOBAL;2021-01-07;2021-01-13;Si;;;2555.3180;1688.9165;1193;56929.0881;33328;6885;3.8380;200;5;129;834;359;871;300;25440;5071;25532;0
CATALUNYA;GLOBAL;2021-01-06;2021-01-12;Si;;;2480.2865;1514.7868;1070;45462.0099;26213;5900;4.2390;186;5;125;741;329;777;263;20060;4474;24258;0
CATALUNYA;GLOBAL;2021-01-05;2021-01-11;Si;;;2246.6979;1357.6454;959;38990.8971;21229;6313;4.3953;167;7;122;650;309;682;243;16322;4723;26534;0
CATALUNYA;GLOBAL;2021-01-04;2021-01-10;Si;;;2143.3526;1214.6608;858;35150.1337;18060;6769;4.3832;148;8;114;546;312;588;242;13963;4973;25068;0
CATALUNYA;GLOBAL;2021-01-03;2021-01-09;Si;;;2093.8035;1214.6608;858;34154.9046;17268;6858;4.4775;149;7;109;558;300;584;237;13302;5034;23019;0
CATALUNYA;GLOBAL;2021-01-02;2021-01-08;Si;;;2056.9956;1204.7510;851;33209.2246;16534;6924;4.6101;138;6;107;567;284;583;237;12703;5084;20519;0
CATALUNYA;GLOBAL;2021-01-01;2021-01-07;Si;;;1813.4971;1007.9703;712;26415.3347;12506;6153;4.8142;132;6;99;430;282;454;238;9840;4534;15161;0
CATALUNYA;GLOBAL;2020-12-31;2021-01-06;Si;;;1588.4026;866.4014;612;23414.0747;10566;5973;4.4295;132;5;97;392;220;382;184;8339;4439;10797;0
CATALUNYA;GLOBAL;2020-12-30;2021-01-05;Si;;;1697.4107;965.4996;682;28302.4477;12811;7181;4.1425;134;7;96;438;244;425;211;10087;5266;11264;0
CATALUNYA;GLOBAL;2020-12-29;2021-01-04;Si;;;1671.9283;889.0524;628;27789.9684;11890;7740;3.8374;136;7;85;417;211;395;177;9347;5559;6398;0
CATALUNYA;GLOBAL;2020-12-28;2021-01-03;Si;;;1649.2772;928.6917;656;28162.2945;11595;8298;3.8320;147;8;90;435;221;403;180;9116;6098;5069;0
CATALUNYA;GLOBAL;2020-12-27;2021-01-02;Si;;;1615.3007;879.1426;621;28187.7769;11436;8475;3.7003;138;9;96;403;218;387;177;8992;6250;5627;0
CATALUNYA;GLOBAL;2020-12-26;2021-01-01;Si;;;1540.2692;852.2445;602;27726.2624;11069;8516;3.6955;140;13;92;399;203;391;157;8573;6256;4295;0
CATALUNYA;GLOBAL;2020-12-25;2020-12-31;Si;;;1578.4928;805.5268;569;27680.9604;10812;8741;3.5714;142;14;95;386;183;380;146;8374;6354;4293;0
CATALUNYA;GLOBAL;2020-12-24;2020-12-30;Si;;;1554.4261;722.0012;510;35068.0238;10078;14693;2.5295;134;14;96;346;164;348;120;7872;10630;2573;0
CATALUNYA;GLOBAL;2020-12-23;2020-12-29;Si;;;1581.3242;731.9110;517;42978.8920;8903;21456;2.1398;146;13;101;352;165;364;122;7007;15705;897;0
CATALUNYA;GLOBAL;2020-12-22;2020-12-28;Si;;;1698.8263;782.8758;553;54935.7985;9537;29268;1.8245;145;12;111;379;174;397;137;7555;21714;559;0
CATALUNYA;GLOBAL;2020-12-21;2020-12-27;Si;;;1618.1321;720.5855;509;60347.9762;8844;33784;1.5906;149;11;115;330;179;355;157;7094;25095;559;0
CATALUNYA;GLOBAL;2020-12-20;2020-12-26;Si;;;1628.0419;736.1581;520;60071.9169;8895;33538;1.5876;148;10;107;330;190;354;154;7123;24875;0;0
CATALUNYA;GLOBAL;2020-12-19;2020-12-25;Si;;;1623.7948;688.0246;486;58847.3462;8430;33138;1.5053;140;5;104;308;178;331;143;6891;24598;0;0
CATALUNYA;GLOBAL;2020-12-18;2020-12-24;Si;;;1704.4891;772.9660;546;60762.7730;9848;33073;1.5959;132;4;102;367;179;379;142;8046;24600;0;0
CATALUNYA;GLOBAL;2020-12-17;2020-12-23;Si;;;1776.6892;832.4249;588;52568.7670;10862;26271;2.0437;136;4;100;402;186;428;157;8853;19772;0;0
CATALUNYA;GLOBAL;2020-12-16;2020-12-22;Si;;;1754.0382;849.4131;600;41131.4183;10780;18274;2.5413;132;3;93;442;158;444;132;8786;13880;0;0
CATALUNYA;GLOBAL;2020-12-15;2020-12-21;Si;;;1625.2105;915.9505;647;27179.8066;10253;8946;3.9771;126;4;87;495;152;492;118;8429;6909;0;0
CATALUNYA;GLOBAL;2020-12-14;2020-12-20;Si;;;1666.2655;897.5466;634;17512.0687;9966;2404;5.8355;117;4;83;515;119;512;81;8149;2013;0;0
CATALUNYA;GLOBAL;2020-12-13;2020-12-19;Si;;;1632.2890;891.8838;630;17142.5740;9866;2243;6.0870;116;4;85;516;114;521;86;8066;1906;0;0
CATALUNYA;GLOBAL;2020-12-12;2020-12-18;Si;;;1632.2890;935.7702;661;17367.6685;10099;2169;6.2169;123;4;85;534;127;539;95;8330;1868;0;0
CATALUNYA;GLOBAL;2020-12-11;2020-12-17;Si;;;1611.0536;931.5231;658;17040.6444;10114;1923;6.4526;130;4;89;523;135;542;103;8332;1664;0;0
CATALUNYA;GLOBAL;2020-12-10;2020-12-16;Si;;;1568.5830;944.2643;667;15542.8458;9394;1585;7.0723;126;3;96;545;122;556;88;7766;1340;0;0
CATALUNYA;GLOBAL;2020-12-09;2020-12-15;Si;;;1482.2260;904.6250;639;15055.8489;9129;1506;7.2950;120;3;106;491;148;524;120;7586;1242;0;0
CATALUNYA;GLOBAL;2020-12-08;2020-12-14;Si;;;1354.8140;709.2600;501;12562.8211;7510;1364;6.9420;119;1;106;364;137;397;109;6204;1085;0;0
CATALUNYA;GLOBAL;2020-12-07;2020-12-13;Si;;;1332.1630;768.7189;543;12772.3431;7759;1263;7.2072;113;0;105;405;138;423;113;6429;1008;0;0
CATALUNYA;GLOBAL;2020-12-06;2020-12-12;Si;;;1351.9826;740.4051;523;12877.1040;7770;1326;6.7979;110;0;114;397;126;404;107;6444;1073;0;0
CATALUNYA;GLOBAL;2020-12-05;2020-12-11;Si;;;1346.3199;696.5188;492;12602.4604;7619;1283;6.5807;108;0;113;379;113;387;98;6338;1032;0;0
CATALUNYA;GLOBAL;2020-12-04;2020-12-10;Si;;;1394.4533;679.5305;480;12763.8489;7685;1331;6.2969;102;1;114;371;109;380;98;6548;1043;0;0
CATALUNYA;GLOBAL;2020-12-03;2020-12-09;Si;;;1400.1160;624.3186;441;12725.6253;7736;1253;5.7786;104;1;116;331;110;337;102;6612;985;0;0
CATALUNYA;GLOBAL;2020-12-02;2020-12-08;Si;;;1354.8140;577.6009;408;13035.6611;7918;1290;5.1312;101;2;110;327;81;322;73;6710;988;0;0
CATALUNYA;GLOBAL;2020-12-01;2020-12-07;Si;;;1537.4378;645.5540;456;15286.6061;9441;1357;5.0855;103;2;114;361;95;371;90;7977;1088;0;0
CATALUNYA;GLOBAL;2020-11-30;2020-12-06;Si;;;1439.7553;563.4440;398;15203.0805;9428;1311;4.7202;98;3;123;310;88;339;87;7960;1065;0;0
CATALUNYA;GLOBAL;2020-11-29;2020-12-05;Si;;;1439.7553;611.5775;432;15079.9156;9401;1251;4.9502;101;3;118;327;105;342;100;7922;1007;0;0
CATALUNYA;GLOBAL;2020-11-28;2020-12-04;Si;;;1472.3162;649.8010;459;15196.0020;9410;1324;5.4054;109;3;131;351;108;375;107;7834;1083;0;0
CATALUNYA;GLOBAL;2020-11-27;2020-12-03;Si;;;1584.1556;714.9227;505;15210.1589;9566;1178;6.0163;111;3;128;395;110;424;107;7841;985;0;0
CATALUNYA;GLOBAL;2020-11-26;2020-12-02;Si;;;1673.3439;775.7973;548;14423.0360;9064;1124;6.4871;109;4;127;410;138;432;110;7437;918;0;0
CATALUNYA;GLOBAL;2020-11-25;2020-12-01;Si;;;1745.5441;777.2130;549;13599.1052;8604;1002;7.9511;108;4;142;403;146;504;120;7008;840;0;0
CATALUNYA;GLOBAL;2020-11-24;2020-11-30;Si;;;1843.2266;891.8838;630;13802.9644;8706;1044;7.8841;105;5;131;490;140;508;115;7026;876;0;0
CATALUNYA;GLOBAL;2020-11-23;2020-11-29;Si;;;1877.2031;876.3112;619;13962.9372;8744;1119;7.4135;102;4;126;483;136;482;107;7012;933;0;0
CATALUNYA;GLOBAL;2020-11-22;2020-11-28;Si;;;1843.2266;828.1778;585;14011.0706;8731;1166;7.2209;99;4;123;462;123;477;98;7003;960;0;0
CATALUNYA;GLOBAL;2020-11-21;2020-11-27;Si;;;1871.5404;822.5151;581;13866.6704;8692;1103;6.9885;94;5;110;453;128;457;96;7022;891;0;0
CATALUNYA;GLOBAL;2020-11-20;2020-11-26;Si;;;1947.9875;869.2328;614;13978.5098;8772;1102;7.0805;95;4;108;486;128;476;92;7121;901;0;0
CATALUNYA;GLOBAL;2020-11-19;2020-11-25;Si;;;2010.2778;897.5466;634;15038.8606;9506;1117;7.2477;103;4;110;518;116;524;93;7597;916;0;0
CATALUNYA;GLOBAL;2020-11-18;2020-11-24;Si;;;2088.1407;968.3310;684;15997.2818;10177;1123;6.3581;99;4;106;558;126;477;100;8149;926;0;0
CATALUNYA;GLOBAL;2020-11-17;2020-11-23;Si;;;2192.9017;951.3427;672;15968.9681;10145;1135;7.1176;98;4;125;546;126;540;105;8137;925;0;0
CATALUNYA;GLOBAL;2020-11-16;2020-11-22;Si;;;2279.2587;1000.8918;707;16012.8544;10319;992;7.5526;127;6;130;571;136;575;111;8278;805;0;0
CATALUNYA;GLOBAL;2020-11-15;2020-11-21;Si;;;2303.3254;1015.0487;717;15984.5406;10368;923;7.6999;132;6;136;580;137;586;114;8335;756;0;0
CATALUNYA;GLOBAL;2020-11-14;2020-11-20;Si;;;2444.8943;1049.0252;741;16371.0236;10628;936;7.6890;133;6;144;610;131;611;107;8572;766;0;0
CATALUNYA;GLOBAL;2020-11-13;2020-11-19;Si;;;2444.8943;1078.7547;762;16666.9026;10757;1016;7.7247;142;7;155;599;163;602;131;8647;842;0;0
CATALUNYA;GLOBAL;2020-11-12;2020-11-18;Si;;;2517.0944;1112.7312;786;16521.0866;10589;1081;8.0479;148;8;157;626;160;627;139;8617;901;0;0
CATALUNYA;GLOBAL;2020-11-11;2020-11-17;Si;;;2575.1376;1119.8097;791;16716.4517;10693;1115;8.0863;161;7;159;647;144;657;123;8745;901;0;0
CATALUNYA;GLOBAL;2020-11-10;2020-11-16;Si;;;2705.3810;1241.5589;877;17653.6376;11377;1093;8.5557;166;7;157;714;163;738;134;9314;878;0;0
CATALUNYA;GLOBAL;2020-11-09;2020-11-15;Si;;;2844.1185;1278.3668;903;18386.9643;11779;1209;8.1905;149;6;162;723;180;717;148;9584;977;0;0
CATALUNYA;GLOBAL;2020-11-08;2020-11-14;Si;;;2914.9029;1288.2766;910;18525.7018;11861;1225;8.2144;150;6;171;725;185;726;149;9662;990;0;0
CATALUNYA;GLOBAL;2020-11-07;2020-11-13;Si;;;2974.3618;1395.8690;986;18586.5764;11884;1245;8.8802;159;7;166;800;186;800;150;9684;1014;0;0
CATALUNYA;GLOBAL;2020-11-06;2020-11-12;Si;;;3002.6756;1366.1395;965;18391.2114;11449;1542;8.8096;153;8;168;783;182;783;145;9265;1269;0;0
CATALUNYA;GLOBAL;2020-11-05;2020-11-11;Si;;;2954.5422;1404.3631;992;19325.5659;12037;1614;8.6134;145;7;171;784;208;796;160;9760;1339;0;0
CATALUNYA;GLOBAL;2020-11-04;2020-11-10;Si;;;2985.6873;1455.3279;1028;19750.2725;12165;1786;8.8098;165;8;161;802;226;822;178;9860;1491;0;0
CATALUNYA;GLOBAL;2020-11-03;2020-11-09;Si;;;2961.6206;1463.8220;1034;19280.2638;11514;2105;8.5637;180;8;165;783;251;758;187;9274;1761;0;0
CATALUNYA;GLOBAL;2020-11-02;2020-11-08;Si;;;3040.8992;1565.7516;1106;18655.9451;10820;2358;9.7884;195;7;161;826;280;835;215;8801;1926;0;0
CATALUNYA;GLOBAL;2020-11-01;2020-11-07;Si;;;3091.8640;1626.6262;1149;18827.2435;10930;2369;9.9538;197;7;152;867;282;856;221;8886;1934;0;0
CATALUNYA;GLOBAL;2020-10-31;2020-11-06;Si;;;3036.6521;1578.4928;1115;19419.0013;11285;2432;9.4013;198;7;163;820;295;822;230;9191;1999;0;0
CATALUNYA;GLOBAL;2020-10-30;2020-11-05;Si;;;3145.6602;1636.5360;1156;20092.8691;11718;2475;9.2882;209;6;167;861;295;854;233;9684;2019;0;0
CATALUNYA;GLOBAL;2020-10-29;2020-11-04;Si;;;3314.1271;1550.1790;1095;19302.9149;11228;2407;8.9477;209;9;149;807;288;781;219;9221;1955;0;0
CATALUNYA;GLOBAL;2020-10-28;2020-11-03;Si;;;3498.1666;1530.3594;1081;18552.5999;10784;2321;9.0533;181;10;145;796;285;776;208;8959;1910;0;0
CATALUNYA;GLOBAL;2020-10-27;2020-11-02;Si;;;3529.3118;1497.7986;1058;19172.6715;11671;1872;8.7401;169;14;129;821;237;812;180;9808;1542;0;0
CATALUNYA;GLOBAL;2020-10-26;2020-11-01;Si;;;3488.2568;1475.1475;1042;18907.9377;11931;1425;8.9727;168;15;123;857;185;876;138;10098;1203;0;0
CATALUNYA;GLOBAL;2020-10-25;2020-10-31;Si;;;3424.5508;1465.2377;1035;19131.6165;12113;1401;8.8710;180;15;113;846;189;876;140;10268;1185;0;0
CATALUNYA;GLOBAL;2020-10-24;2020-10-30;Si;;;3328.2840;1458.1593;1030;19284.5109;12334;1288;8.8858;173;13;95;852;178;886;138;10455;1069;0;0
CATALUNYA;GLOBAL;2020-10-23;2020-10-29;Si;;;3192.3779;1509.1241;1066;18432.2663;12206;814;10.1335;166;13;79;913;153;974;127;10192;673;0;0
CATALUNYA;GLOBAL;2020-10-22;2020-10-28;Si;;;3166.8955;1763.9480;1246;18275.1249;12188;721;12.1669;169;10;81;1097;149;1195;129;10282;600;0;0
CATALUNYA;GLOBAL;2020-10-21;2020-10-27;Si;;;3091.8640;1967.8072;1390;18544.1057;12612;487;12.9109;169;11;71;1233;157;1280;138;10576;407;0;0
CATALUNYA;GLOBAL;2020-10-20;2020-10-26;Si;;;2845.5342;2031.5132;1435;17615.4140;12034;409;13.5262;163;7;63;1280;155;1286;126;10096;343;0;0
CATALUNYA;GLOBAL;2020-10-19;2020-10-25;Si;;;2613.3612;2013.1092;1422;17536.1354;12051;336;12.9967;144;8;64;1284;138;1231;110;10033;285;0;0
CATALUNYA;GLOBAL;2020-10-18;2020-10-24;Si;;;2593.5416;1959.3131;1384;17012.3306;11722;295;13.0561;129;8;61;1264;120;1214;92;9753;250;0;0
CATALUNYA;GLOBAL;2020-10-17;2020-10-23;Si;;;2483.1179;1870.1247;1321;15583.9007;10756;252;13.4076;121;8;59;1210;111;1146;82;8941;218;0;0
CATALUNYA;GLOBAL;2020-10-16;2020-10-22;Si;;;2250.9449;1683.2538;1189;14483.9106;10064;167;12.5202;116;7;61;1097;92;1026;59;8516;150;0;0
CATALUNYA;GLOBAL;2020-10-15;2020-10-21;Si;;;1962.1444;1402.9474;991;13838.3566;9704;71;9.8888;111;7;57;936;55;786;32;8206;66;0;0
CATALUNYA;GLOBAL;2020-10-14;2020-10-20;Si;;;1616.7164;1124.0567;794;12307.9972;8673;21;8.9098;111;5;58;772;22;657;5;7413;17;0;0
CATALUNYA;GLOBAL;2020-10-13;2020-10-19;Si;;;1310.9277;814.0209;575;10740.8298;7578;9;7.6993;104;4;61;567;8;503;3;6566;6;0;0
CATALUNYA;GLOBAL;2020-10-12;2020-10-18;Si;;;1138.2136;600.2519;424;8737.6304;6170;2;7.0250;105;4;52;418;6;378;1;5393;2;0;0
CATALUNYA;GLOBAL;2020-10-11;2020-10-17;Si;;;1111.3155;634.2285;448;8935.8268;6311;1;7.2516;103;5;52;443;5;399;1;5515;1;0;0
CATALUNYA;GLOBAL;2020-10-10;2020-10-16;Si;;;1070.2606;612.9931;433;9240.1998;6527;0;6.9296;98;5;56;430;3;390;0;5628;0;0;0
CATALUNYA;GLOBAL;2020-10-09;2020-10-15;Si;;;1124.0567;567.6911;401;8504.0417;6007;0;6.7919;99;5;52;397;4;347;0;5109;0;0;0
CATALUNYA;GLOBAL;2020-10-08;2020-10-14;Si;;;990.9820;559.1970;395;7484.7459;5287;0;8.3763;95;5;51;392;3;374;0;4465;0;0;0
CATALUNYA;GLOBAL;2020-10-07;2020-10-13;Si;;;921.6133;492.6596;348;7156.3061;5055;0;7.8376;93;4;55;346;2;332;0;4236;0;0;0
CATALUNYA;GLOBAL;2020-10-06;2020-10-12;Si;;;983.9036;496.9067;351;6866.0900;4850;0;8.4019;95;4;56;349;2;337;0;4011;0;0;0
CATALUNYA;GLOBAL;2020-10-05;2020-10-11;Si;;;1027.7899;537.9616;380;7583.8441;5357;0;8.2311;93;3;55;378;2;369;0;4483;0;0;0
CATALUNYA;GLOBAL;2020-10-04;2020-10-10;Si;;;962.6682;477.0870;337;7323.3574;5173;0;7.5838;90;2;57;335;2;328;0;4325;0;0;0
CATALUNYA;GLOBAL;2020-10-03;2020-10-09;Si;;;938.6015;457.2674;323;6875.9998;4857;0;7.6365;88;2;50;321;2;316;0;4138;0;0;0
CATALUNYA;GLOBAL;2020-10-02;2020-10-08;Si;;;898.9623;556.3656;393;8100.5705;5722;0;7.9715;81;2;45;393;0;391;0;4905;0;0;0
CATALUNYA;GLOBAL;2020-10-01;2020-10-07;Si;;;794.2013;431.7850;305;7733.9071;5463;0;6.5983;80;2;44;305;0;309;0;4683;0;0;0
CATALUNYA;GLOBAL;2020-09-30;2020-10-06;Si;;;734.7424;428.9536;303;7520.1381;5312;0;6.7953;73;2;41;303;0;310;0;4562;0;0;0
CATALUNYA;GLOBAL;2020-09-29;2020-10-05;Si;;;696.5188;486.9968;344;7510.2283;5304;1;7.8804;69;3;40;344;0;361;0;4580;1;0;0
CATALUNYA;GLOBAL;2020-09-28;2020-10-04;Si;;;685.1933;489.8282;346;7973.1585;5631;1;7.2240;59;2;37;346;0;356;0;4927;1;0;0
CATALUNYA;GLOBAL;2020-09-27;2020-10-03;Si;;;695.1031;485.5812;343;7842.9151;5539;1;7.2524;58;2;35;343;0;350;0;4825;1;0;0
CATALUNYA;GLOBAL;2020-09-26;2020-10-02;Si;;;710.6757;481.3341;340;7919.3623;5593;1;7.0945;60;2;34;340;0;346;0;4876;1;0;0
CATALUNYA;GLOBAL;2020-09-25;2020-10-01;Si;;;591.7578;342.5966;242;6788.2271;4792;3;5.8477;59;2;34;242;0;248;0;4238;3;0;0
CATALUNYA;GLOBAL;2020-09-24;2020-09-30;Si;;;608.7461;362.4162;256;7079.8589;4998;3;5.5988;56;1;37;256;0;252;0;4498;3;0;0
CATALUNYA;GLOBAL;2020-09-23;2020-09-29;Si;;;607.3304;305.7887;216;7101.0943;5012;4;4.6878;58;1;37;216;0;211;0;4498;3;0;0
CATALUNYA;GLOBAL;2020-09-22;2020-09-28;Si;;;503.9851;209.5219;148;6979.3451;4927;3;2.8995;61;1;33;148;0;129;0;4447;2;0;0
CATALUNYA;GLOBAL;2020-09-21;2020-09-27;Si;;;511.0636;195.3650;138;6527.7404;4608;3;3.0684;63;2;33;138;0;127;0;4137;2;0;0
CATALUNYA;GLOBAL;2020-09-20;2020-09-26;Si;;;580.4323;209.5219;148;6520.6619;4603;3;3.3992;67;2;28;148;0;141;0;4146;2;0;0
CATALUNYA;GLOBAL;2020-09-19;2020-09-25;Si;;;651.2167;229.3415;162;6570.2110;4638;3;3.4681;61;2;33;162;0;145;0;4179;2;0;0
CATALUNYA;GLOBAL;2020-09-18;2020-09-24;Si;;;628.5657;249.1612;176;6673.5563;4713;1;3.9402;56;3;30;176;0;166;0;4213;0;0;0
CATALUNYA;GLOBAL;2020-09-17;2020-09-23;Si;;;614.4088;246.3298;174;6614.0974;4671;1;4.2747;49;3;22;174;0;178;0;4164;0;0;0
CATALUNYA;GLOBAL;2020-09-16;2020-09-22;Si;;;614.4088;301.5416;213;6577.2895;4646;0;5.2632;47;4;18;213;0;218;0;4142;0;0;0
CATALUNYA;GLOBAL;2020-09-15;2020-09-21;Si;;;610.1618;294.4632;208;6289.9047;4443;0;5.8095;42;3;17;208;0;230;0;3959;0;0;0
CATALUNYA;GLOBAL;2020-09-14;2020-09-20;Si;;;590.3421;315.6985;223;6792.4741;4798;0;5.4271;41;2;21;223;0;230;0;4238;0;0;0
CATALUNYA;GLOBAL;2020-09-13;2020-09-19;Si;;;581.8480;370.9104;262;6839.1919;4831;0;6.2324;31;2;21;262;0;266;0;4268;0;0;0
CATALUNYA;GLOBAL;2020-09-12;2020-09-18;Si;;;567.6911;421.8752;298;6792.4741;4798;0;7.0031;34;2;15;298;0;297;0;4241;0;0;0
CATALUNYA;GLOBAL;2020-09-11;2020-09-17;Si;;;543.6244;379.4045;268;5882.1863;4155;0;7.0905;31;1;16;268;0;261;0;3681;0;0;0
CATALUNYA;GLOBAL;2020-09-10;2020-09-16;Si;;;550.7028;368.0790;260;6182.3123;4367;0;6.4591;36;1;18;260;0;251;0;3886;0;0;0
CATALUNYA;GLOBAL;2020-09-09;2020-09-15;Si;;;556.3656;312.8671;221;6397.4970;4519;0;5.2448;32;0;18;221;0;211;0;4023;0;0;0
CATALUNYA;GLOBAL;2020-09-08;2020-09-14;Si;;;569.1068;315.6985;223;6859.0115;4845;0;4.7441;32;0;19;223;0;203;0;4279;0;0;0
CATALUNYA;GLOBAL;2020-09-07;2020-09-13;Si;;;529.4675;274.6436;194;6357.8577;4491;0;4.7485;35;0;12;194;0;186;0;3917;0;0;0
CATALUNYA;GLOBAL;2020-09-06;2020-09-12;Si;;;464.3458;210.9376;149;6306.8929;4455;0;3.6504;43;0;18;149;0;142;0;3890;0;0;0
CATALUNYA;GLOBAL;2020-09-05;2020-09-11;Si;;;389.3143;145.8159;103;6230.4458;4401;0;2.9749;44;1;18;103;0;114;0;3832;0;0;0
CATALUNYA;GLOBAL;2020-09-04;2020-09-10;Si;;;420.4595;164.2198;116;7849.9936;5545;0;2.6592;46;1;18;116;0;129;0;4851;0;0;0
CATALUNYA;GLOBAL;2020-09-03;2020-09-09;Si;;;436.0321;182.6238;129;8212.4099;5801;0;2.9898;48;1;24;129;0;152;0;5084;0;0;0
CATALUNYA;GLOBAL;2020-09-02;2020-09-08;Si;;;492.6596;243.4984;172;8048.1900;5685;0;3.4441;49;1;25;172;0;172;0;4994;0;0;0
CATALUNYA;GLOBAL;2020-09-01;2020-09-07;Si;;;528.0518;253.4082;179;8052.4371;5688;0;3.5346;49;1;28;179;0;178;0;5036;0;0;0
CATALUNYA;GLOBAL;2020-08-31;2020-09-06;Si;;;516.7263;254.8239;180;8154.3666;5759;1;3.4221;49;1;27;180;0;176;0;5142;1;0;0
CATALUNYA;GLOBAL;2020-08-30;2020-09-05;Si;;;519.5577;253.4082;179;8145.8725;5753;1;3.3912;46;1;26;179;0;174;0;5130;1;0;0
CATALUNYA;GLOBAL;2020-08-29;2020-09-04;Si;;;526.6361;243.4984;172;8135.9627;5746;1;3.1647;41;0;28;172;0;162;0;5118;1;0;0
CATALUNYA;GLOBAL;2020-08-28;2020-09-03;Si;;;543.6244;256.2396;181;7723.9973;5455;1;3.5203;41;0;29;181;0;172;0;4885;1;0;0
CATALUNYA;GLOBAL;2020-08-27;2020-09-02;Si;;;545.0401;253.4082;179;7388.4791;5218;1;3.4656;36;0;24;179;0;159;0;4587;1;0;0
CATALUNYA;GLOBAL;2020-08-26;2020-09-01;Si;;;467.1772;249.1612;176;7762.2209;5482;1;3.6823;38;0;26;176;0;178;0;4833;1;0;0
CATALUNYA;GLOBAL;2020-08-25;2020-08-31;Si;;;464.3458;274.6436;194;7849.9936;5544;1;3.9697;40;0;24;194;0;194;0;4886;1;0;0
CATALUNYA;GLOBAL;2020-08-24;2020-08-30;Si;;;438.8634;261.9024;185;7981.6526;5638;0;3.7185;39;0;32;185;0;186;0;5002;0;0;0
CATALUNYA;GLOBAL;2020-08-23;2020-08-29;Si;;;441.6948;266.1494;188;8000.0566;5651;0;4.0845;38;1;31;188;0;205;0;5019;0;0;0
CATALUNYA;GLOBAL;2020-08-22;2020-08-28;Si;;;445.9419;283.1377;200;8208.1628;5798;0;4.0117;42;1;32;200;0;206;0;5135;0;0;0
CATALUNYA;GLOBAL;2020-08-21;2020-08-27;Si;;;421.8752;287.3847;203;8196.8373;5790;0;3.8266;46;1;32;203;0;196;0;5122;0;0;0
CATALUNYA;GLOBAL;2020-08-20;2020-08-26;Si;;;416.2124;291.6318;206;7750.8954;5475;0;4.0108;44;1;35;206;0;194;0;4837;0;0;0
CATALUNYA;GLOBAL;2020-08-19;2020-08-25;Si;;;379.4045;218.0160;154;7228.5063;5106;0;3.3132;41;2;33;154;0;148;0;4467;0;0;0
CATALUNYA;GLOBAL;2020-08-18;2020-08-24;Si;;;394.9771;189.7022;134;7075.6119;4998;0;2.9281;41;3;33;134;0;125;0;4269;0;0;0
CATALUNYA;GLOBAL;2020-08-17;2020-08-23;Si;;;414.7967;176.9610;125;6666.4779;4709;0;2.9676;45;3;28;125;0;119;0;4010;0;0;0
CATALUNYA;GLOBAL;2020-08-16;2020-08-22;Si;;;410.5497;175.5453;124;6713.1956;4742;0;2.5273;45;3;25;124;0;102;0;4036;0;0;0
CATALUNYA;GLOBAL;2020-08-15;2020-08-21;Si;;;399.2242;162.8041;115;6493.7638;4587;0;2.6585;45;3;24;115;0;104;0;3912;0;0;0
CATALUNYA;GLOBAL;2020-08-14;2020-08-20;Si;;;450.1889;134.4904;95;6012.4297;4247;0;2.8357;41;3;27;95;0;102;0;3597;0;0;0
CATALUNYA;GLOBAL;2020-08-13;2020-08-19;Si;;;471.4243;124.5806;88;6336.6224;4475;1;2.4519;47;4;24;88;0;93;0;3792;1;0;0
CATALUNYA;GLOBAL;2020-08-12;2020-08-18;Si;;;491.2439;161.3885;114;6643.8268;4692;1;3.0311;54;3;25;114;0;121;0;3991;1;0;0
CATALUNYA;GLOBAL;2020-08-11;2020-08-17;Si;;;511.0636;205.2748;145;6530.5717;4612;1;3.8567;57;2;27;145;0;154;0;3992;1;0;0
CATALUNYA;GLOBAL;2020-08-10;2020-08-16;Si;;;526.6361;237.8356;168;6561.7169;4634;1;4.1885;55;3;26;168;0;168;0;4010;1;0;0
CATALUNYA;GLOBAL;2020-08-09;2020-08-15;Si;;;523.8048;235.0043;166;6431.4735;4542;1;4.2515;55;3;30;166;0;167;0;3927;1;0;0
CATALUNYA;GLOBAL;2020-08-08;2020-08-14;Si;;;526.6361;236.4200;167;6635.3327;4686;1;4.2836;53;4;30;167;0;174;0;4061;1;0;0
CATALUNYA;GLOBAL;2020-08-07;2020-08-13;Si;;;546.4558;315.6985;223;6735.8466;4757;1;5.2375;56;4;27;223;0;215;0;4104;1;0;0
CATALUNYA;GLOBAL;2020-08-06;2020-08-12;Si;;;567.6911;346.8437;245;6667.8935;4710;0;5.8434;51;3;28;245;0;238;0;4073;0;0;0
CATALUNYA;GLOBAL;2020-08-05;2020-08-11;Si;;;600.2519;329.8554;233;6609.8503;4669;0;5.4478;48;4;28;233;0;219;0;4020;0;0;0
CATALUNYA;GLOBAL;2020-08-04;2020-08-10;Si;;;607.3304;305.7887;216;6609.8503;4669;0;5.1404;44;4;28;216;0;205;0;3988;0;0;0
CATALUNYA;GLOBAL;2020-08-03;2020-08-09;Si;;;593.1735;288.8004;204;6595.6934;4659;0;5.0515;49;3;30;204;0;201;0;3979;0;0;0
CATALUNYA;GLOBAL;2020-08-02;2020-08-08;Si;;;593.1735;288.8004;204;6778.3173;4788;0;4.9449;51;2;29;204;0;202;0;4085;0;0;0
CATALUNYA;GLOBAL;2020-08-01;2020-08-07;Si;;;600.2519;290.2161;205;6960.9411;4917;0;4.8418;55;1;30;205;0;202;0;4172;0;0;0
CATALUNYA;GLOBAL;2020-07-31;2020-08-06;Si;;;547.8715;230.7572;163;7118.0825;5028;0;3.7643;55;1;30;163;0;161;0;4277;0;0;0
CATALUNYA;GLOBAL;2020-07-30;2020-08-05;Si;;;513.8949;220.8474;156;7013.3216;4953;1;3.9378;60;1;29;156;0;167;0;4240;1;0;0
CATALUNYA;GLOBAL;2020-07-29;2020-08-04;Si;;;515.3106;270.3965;191;7077.0276;4998;1;4.8548;67;0;28;191;0;209;0;4304;1;0;0
CATALUNYA;GLOBAL;2020-07-28;2020-08-03;Si;;;491.2439;301.5416;213;7013.3216;4953;1;5.1628;68;0;27;213;0;222;0;4299;1;0;0
CATALUNYA;GLOBAL;2020-07-27;2020-08-02;Si;;;511.0636;304.3730;215;6825.0350;4819;2;5.1497;66;0;27;215;0;215;0;4173;2;0;0
CATALUNYA;GLOBAL;2020-07-26;2020-08-01;Si;;;528.0518;304.3730;215;6847.6860;4834;3;5.1749;62;0;28;215;0;216;0;4171;3;0;0
CATALUNYA;GLOBAL;2020-07-25;2020-07-31;Si;;;569.1068;310.0358;219;6721.6897;4745;3;5.1741;63;1;28;219;0;214;0;4133;3;0;0
CATALUNYA;GLOBAL;2020-07-24;2020-07-30;Si;;;566.2754;317.1142;224;6633.9170;4683;3;5.4908;65;1;27;224;0;226;0;4113;3;0;0
CATALUNYA;GLOBAL;2020-07-23;2020-07-29;Si;;;550.7028;293.0475;207;6631.0856;4682;2;4.8079;66;1;25;207;0;199;0;4137;2;0;0
CATALUNYA;GLOBAL;2020-07-22;2020-07-28;Si;;;552.1185;244.9141;173;6619.7601;4674;2;3.7843;54;1;24;173;0;153;0;4041;2;0;0
CATALUNYA;GLOBAL;2020-07-21;2020-07-27;Si;;;489.8282;189.7022;134;6499.4266;4589;2;3.0380;54;1;21;134;0;120;0;3948;2;0;0
CATALUNYA;GLOBAL;2020-07-20;2020-07-26;Si;;;485.5812;206.6905;146;6673.5563;4713;1;3.4500;49;2;19;146;0;140;0;4057;1;0;0
CATALUNYA;GLOBAL;2020-07-19;2020-07-25;Si;;;486.9968;223.6788;158;6785.3957;4793;0;3.6066;58;2;13;158;0;150;0;4159;0;0;0
CATALUNYA;GLOBAL;2020-07-18;2020-07-24;Si;;;479.9184;259.0710;183;6783.9800;4792;0;4.6383;54;1;11;183;0;193;0;4161;0;0;0
CATALUNYA;GLOBAL;2020-07-17;2020-07-23;Si;;;455.8517;249.1612;176;6594.2777;4658;0;4.7053;51;1;9;176;0;190;0;4038;0;0;0
CATALUNYA;GLOBAL;2020-07-16;2020-07-22;Si;;;454.4360;257.6553;182;6345.1165;4481;1;4.7865;49;1;8;182;0;185;0;3864;1;0;0
CATALUNYA;GLOBAL;2020-07-15;2020-07-21;Si;;;453.0203;307.2044;217;6124.2691;4325;1;6.0329;52;1;9;217;0;231;0;3828;1;0;0
CATALUNYA;GLOBAL;2020-07-14;2020-07-20;Si;;;470.0086;300.1259;212;6091.7083;4302;1;5.9729;50;1;9;212;0;229;0;3833;1;0;0
CATALUNYA;GLOBAL;2020-07-13;2020-07-19;Si;;;430.3693;278.8906;197;5998.2728;4236;1;5.5716;50;0;7;197;0;212;0;3804;1;0;0
CATALUNYA;GLOBAL;2020-07-12;2020-07-18;Si;;;406.3026;263.3180;186;5909.0844;4173;1;5.5437;42;0;9;186;0;208;0;3751;1;0;0
CATALUNYA;GLOBAL;2020-07-11;2020-07-17;Si;;;369.4947;220.8474;156;5569.3191;3933;1;4.4653;41;0;9;156;0;157;0;3515;1;0;0
CATALUNYA;GLOBAL;2020-07-10;2020-07-16;Si;;;338.3495;206.6905;146;5491.4563;3877;2;4.1461;38;0;9;146;0;143;0;3447;2;0;0
CATALUNYA;GLOBAL;2020-07-09;2020-07-15;Si;;;314.2828;196.7807;139;5695.3154;4021;2;4.0997;29;0;10;139;0;148;0;3608;2;0;0
CATALUNYA;GLOBAL;2020-07-08;2020-07-14;Si;;;235.0043;145.8159;103;5482.9621;3871;2;2.9752;26;0;9;103;0;103;0;3460;2;0;0
CATALUNYA;GLOBAL;2020-07-07;2020-07-13;Si;;;219.4317;169.8826;120;5386.6953;3803;2;2.8165;27;2;10;120;0;95;0;3371;2;0;0
CATALUNYA;GLOBAL;2020-07-06;2020-07-12;Si;;;195.3650;151.4786;107;5109.2203;3606;3;2.5892;32;2;12;107;0;82;0;3164;3;0;0
CATALUNYA;GLOBAL;2020-07-05;2020-07-11;Si;;;188.2865;142.9845;101;4857.2277;3428;3;2.2992;32;2;10;101;0;69;0;2998;3;0;0
CATALUNYA;GLOBAL;2020-07-04;2020-07-10;Si;;;181.2081;148.6473;105;4753.8825;3355;3;2.6630;31;2;9;105;0;78;0;2926;3;0;0
CATALUNYA;GLOBAL;2020-07-03;2020-07-09;Si;;;178.3767;131.6590;93;4436.7682;3132;2;2.4544;31;2;11;93;0;66;0;2687;2;0;0
CATALUNYA;GLOBAL;2020-07-02;2020-07-08;Si;;;155.7257;117.5021;83;4070.1049;2873;2;2.2670;36;2;11;83;0;54;0;2380;2;0;0
CATALUNYA;GLOBAL;2020-07-01;2020-07-07;Si;;;125.9962;89.1883;63;3874.7398;2735;2;1.6466;38;2;10;63;0;37;0;2245;2;0;0
CATALUNYA;GLOBAL;2020-06-30;2020-07-06;Si;;;94.8511;49.5491;35;3723.2611;2627;3;1.5038;36;0;10;35;0;32;0;2126;2;0;0
CATALUNYA;GLOBAL;2020-06-29;2020-07-05;Si;;;89.1883;43.8863;31;3556.2099;2510;2;1.4978;35;0;10;31;0;30;0;2002;1;0;0
CATALUNYA;GLOBAL;2020-06-28;2020-07-04;Si;;;89.1883;45.3020;32;3600.0962;2541;2;1.5331;34;0;12;32;0;31;0;2021;1;0;0
CATALUNYA;GLOBAL;2020-06-27;2020-07-03;Si;;;76.4471;32.5608;23;3646.8139;2574;2;1.0816;35;0;12;23;0;22;0;2033;1;0;0
CATALUNYA;GLOBAL;2020-06-26;2020-07-02;Si;;;77.8628;46.7177;33;3826.6064;2701;2;1.4493;36;0;12;33;0;31;0;2138;1;0;0
CATALUNYA;GLOBAL;2020-06-25;2020-07-01;Si;;;80.6942;38.2235;27;3618.5002;2555;1;1.2922;34;0;12;27;0;26;0;2012;0;0;0
CATALUNYA;GLOBAL;2020-06-24;2020-06-30;Si;;;92.0197;36.8079;26;3243.3427;2290;1;1.4509;33;0;13;26;0;26;0;1792;0;0;0
CATALUNYA;GLOBAL;2020-06-23;2020-06-29;Si;;;99.0982;45.3020;32;3236.2642;2286;0;1.8519;35;0;12;32;0;32;0;1728;0;0;0
CATALUNYA;GLOBAL;2020-06-22;2020-06-28;Si;;;103.3452;45.3020;32;3297.1388;2329;0;1.8529;31;0;12;32;0;32;0;1727;0;0;0
CATALUNYA;GLOBAL;2020-06-21;2020-06-27;Si;;;111.8394;43.8863;31;3244.7584;2292;0;1.8246;30;0;11;31;0;31;0;1699;0;0;0
CATALUNYA;GLOBAL;2020-06-20;2020-06-26;Si;;;111.8394;43.8863;31;3239.0956;2288;0;1.8203;34;0;14;31;0;31;0;1703;0;0;0
CATALUNYA;GLOBAL;2020-06-19;2020-06-25;Si;;;120.3335;31.1451;22;3151.3229;2226;0;1.3035;36;0;13;22;0;21;0;1611;0;0;0
CATALUNYA;GLOBAL;2020-06-18;2020-06-24;Si;;;118.9178;42.4706;30;3425.9665;2420;0;1.8454;35;0;12;30;0;32;0;1734;0;0;0
CATALUNYA;GLOBAL;2020-06-17;2020-06-23;Si;;;135.9061;55.2118;39;4034.7126;2850;0;1.9847;34;0;12;39;0;39;0;1965;0;0;0
CATALUNYA;GLOBAL;2020-06-16;2020-06-22;Si;;;135.9061;53.7961;38;4201.7639;2967;1;1.9529;36;1;13;38;0;39;0;1996;1;0;0
CATALUNYA;GLOBAL;2020-06-15;2020-06-21;Si;;;168.4669;58.0432;41;4265.4699;3012;1;2.0408;35;2;17;41;0;42;0;2057;1;0;0
CATALUNYA;GLOBAL;2020-06-14;2020-06-20;Si;;;188.2865;67.9530;48;4322.0974;3052;1;2.3866;37;2;20;48;0;50;0;2094;1;0;0
CATALUNYA;GLOBAL;2020-06-13;2020-06-19;Si;;;195.3650;67.9530;48;4348.9955;3071;1;2.3866;33;2;20;48;0;50;0;2094;1;0;0
CATALUNYA;GLOBAL;2020-06-12;2020-06-18;Si;;;215.1846;89.1883;63;4864.3062;3435;1;2.9596;30;2;20;63;0;66;0;2229;1;0;0
CATALUNYA;GLOBAL;2020-06-11;2020-06-17;Si;;;237.8356;76.4471;54;4943.5848;3491;1;2.4501;31;3;24;54;0;54;0;2203;1;0;0
CATALUNYA;GLOBAL;2020-06-10;2020-06-16;Si;;;233.5886;80.6942;57;5116.2988;3613;1;2.5721;37;4;25;57;0;58;0;2254;1;0;0
CATALUNYA;GLOBAL;2020-06-09;2020-06-15;Si;;;243.4984;82.1099;58;5465.9739;3860;1;2.7990;36;3;22;58;0;66;0;2357;1;0;0
CATALUNYA;GLOBAL;2020-06-08;2020-06-14;Si;;;247.7455;110.4237;78;5754.7744;4064;1;3.0794;39;2;20;78;0;76;0;2467;1;0;0
CATALUNYA;GLOBAL;2020-06-07;2020-06-13;Si;;;242.0827;120.3335;85;5863.7824;4141;1;3.2582;38;2;19;85;0;81;0;2485;1;0;0
CATALUNYA;GLOBAL;2020-06-06;2020-06-12;Si;;;267.5651;127.4119;90;6073.3043;4289;1;3.4158;38;2;21;90;0;87;0;2546;1;0;0
CATALUNYA;GLOBAL;2020-06-05;2020-06-11;Si;;;294.4632;125.9962;89;6367.7676;4497;1;3.2258;44;2;24;89;0;88;0;2727;1;0;0
CATALUNYA;GLOBAL;2020-06-04;2020-06-10;Si;;;331.2711;161.3885;114;6854.7645;4841;1;3.2838;44;1;25;114;0;95;0;2892;1;0;0
CATALUNYA;GLOBAL;2020-06-03;2020-06-09;Si;;;331.2711;152.8943;108;6884.4939;4862;1;3.2269;40;0;36;108;0;93;0;2881;1;0;0
CATALUNYA;GLOBAL;2020-06-02;2020-06-08;Si;;;358.1692;161.3885;114;6605.6032;4666;0;3.1272;41;0;43;114;0;88;0;2814;0;0;0
CATALUNYA;GLOBAL;2020-06-01;2020-06-07;Si;;;394.9771;137.3218;97;6312.5557;4455;4;2.9130;38;0;45;97;0;79;0;2709;3;0;0
CATALUNYA;GLOBAL;2020-05-31;2020-06-06;Si;;;407.7183;121.7492;86;6642.4112;4688;4;2.3769;40;1;54;86;0;69;0;2900;3;0;0
CATALUNYA;GLOBAL;2020-05-30;2020-06-05;Si;;;433.2007;140.1531;99;7283.7181;5140;5;2.4598;41;1;56;99;0;81;0;3290;3;0;0
CATALUNYA;GLOBAL;2020-05-29;2020-06-04;Si;;;499.7380;168.4669;119;7518.7224;5306;5;2.9420;38;1;61;119;0;101;0;3430;3;0;0
CATALUNYA;GLOBAL;2020-05-28;2020-06-03;Si;;;519.5577;169.8826;120;8147.2882;5750;5;3.1840;47;2;61;120;0;118;0;3703;3;0;0
CATALUNYA;GLOBAL;2020-05-27;2020-06-02;Si;;;615.8245;178.3767;126;8344.0689;5888;6;3.1849;44;2;55;126;0;123;0;3858;4;0;0
CATALUNYA;GLOBAL;2020-05-26;2020-06-01;Si;;;648.3854;196.7807;139;9322.3098;6575;10;3.2349;43;3;55;139;0;137;0;4227;8;0;0
CATALUNYA;GLOBAL;2020-05-25;2020-05-31;Si;;;668.2050;257.6553;182;10392.5704;7334;7;3.5534;45;4;60;181;1;169;0;4750;6;0;0
CATALUNYA;GLOBAL;2020-05-24;2020-05-30;Si;;;678.1148;285.9691;202;10814.4456;7632;7;3.8321;53;3;58;201;1;189;0;4926;6;0;0
CATALUNYA;GLOBAL;2020-05-23;2020-05-29;Si;;;683.7776;293.0475;207;11508.1331;8122;7;3.6233;57;3;65;206;1;192;0;5292;7;0;0
CATALUNYA;GLOBAL;2020-05-22;2020-05-28;Si;;;695.1031;331.2711;234;12489.2053;8815;7;3.7625;62;3;66;233;1;211;0;5601;7;0;0
CATALUNYA;GLOBAL;2020-05-21;2020-05-27;Si;;;747.4836;349.6750;247;13468.8619;9506;8;3.7525;63;2;70;246;1;228;0;6068;8;0;0
CATALUNYA;GLOBAL;2020-05-20;2020-05-26;Si;;;818.2680;437.4477;309;14796.7778;10443;9;4.2750;66;2;77;308;1;286;0;6682;8;0;0
CATALUNYA;GLOBAL;2020-05-19;2020-05-25;Si;;;862.1543;451.6046;319;15350.3121;10837;6;4.1134;75;2;80;317;2;296;0;7191;5;0;0
CATALUNYA;GLOBAL;2020-05-18;2020-05-24;Si;;;833.8406;410.5497;290;15804.7482;11157;7;3.7502;77;2;70;289;1;278;0;7407;6;0;0
CATALUNYA;GLOBAL;2020-05-17;2020-05-23;Si;;;836.6719;392.1457;277;15923.6660;11236;12;3.4967;73;2;70;276;1;264;0;7539;11;0;0
CATALUNYA;GLOBAL;2020-05-16;2020-05-22;Si;;;890.4681;390.7300;276;15497.5437;10934;13;3.6245;70;2;67;275;1;266;0;7327;12;0;0
CATALUNYA;GLOBAL;2020-05-15;2020-05-21;Si;;;880.5583;363.8319;257;14597.1657;10296;15;3.5573;74;2;77;256;1;252;0;7070;14;0;0
CATALUNYA;GLOBAL;2020-05-14;2020-05-20;Si;;;903.2093;397.8085;281;13812.8742;9743;14;3.8216;80;2;82;280;1;263;0;6869;13;0;0
CATALUNYA;GLOBAL;2020-05-13;2020-05-19;Si;;;911.7034;380.8202;269;13763.3251;9707;15;3.5270;82;2;84;266;3;237;1;6734;14;0;0
CATALUNYA;GLOBAL;2020-05-12;2020-05-18;Si;;;969.7467;410.5497;290;13533.9836;9542;18;3.7259;79;1;91;287;3;241;2;6508;14;0;0
CATALUNYA;GLOBAL;2020-05-11;2020-05-17;Si;;;1046.1939;423.2909;299;13354.1911;9412;21;3.9911;86;0;123;296;3;250;2;6297;17;0;0
CATALUNYA;GLOBAL;2020-05-10;2020-05-16;Si;;;1057.5194;444.5262;314;12810.5667;9028;21;4.4437;90;0;140;311;3;266;2;6016;15;0;0
CATALUNYA;GLOBAL;2020-05-09;2020-05-15;Si;;;1116.9783;499.7380;353;12845.9589;9049;25;4.9148;94;1;159;350;3;298;2;6086;18;0;0
CATALUNYA;GLOBAL;2020-05-08;2020-05-14;Si;;;1160.8647;516.7263;365;13046.9867;9187;29;4.9154;99;2;164;362;3;306;2;6246;20;0;0
CATALUNYA;GLOBAL;2020-05-07;2020-05-13;Si;;;1228.8177;505.4008;357;13034.2455;9173;34;4.7365;97;2;196;354;3;300;2;6352;24;0;0
CATALUNYA;GLOBAL;2020-05-06;2020-05-12;Si;;;1419.9357;530.8832;375;13634.4975;9592;39;4.5578;103;2;229;373;2;316;2;6948;29;0;0
CATALUNYA;GLOBAL;2020-05-05;2020-05-11;Si;;;1613.8850;559.1970;395;13999.7451;9847;42;4.5916;111;2;259;392;3;338;1;7349;34;0;0
CATALUNYA;GLOBAL;2020-05-04;2020-05-10;Si;;;1697.4107;622.9030;440;14625.4795;10292;39;4.5834;117;3;278;437;3;367;1;7999;30;0;0
CATALUNYA;GLOBAL;2020-05-03;2020-05-09;Si;;;1821.9913;612.9931;433;15467.8143;10886;40;4.1715;117;4;303;427;6;356;2;8549;33;0;0
CATALUNYA;GLOBAL;2020-05-02;2020-05-08;Si;;;1936.6620;617.2402;436;15384.2886;10827;40;3.8852;127;3;330;429;7;331;2;8537;34;0;0
CATALUNYA;GLOBAL;2020-05-01;2020-05-07;Si;;;2207.0586;644.1383;455;15966.1367;11241;37;3.5895;122;2;369;445;10;332;2;9272;33;0;0
CATALUNYA;GLOBAL;2020-04-30;2020-05-06;Si;;;2594.9573;723.4169;511;17588.5159;12387;37;3.6918;105;2;379;498;13;387;2;10505;32;0;0
CATALUNYA;GLOBAL;2020-04-29;2020-05-05;Si;;;3059.3031;889.0524;628;18156.2070;12792;33;3.8382;92;2;395;615;13;427;1;11122;29;0;0
CATALUNYA;GLOBAL;2020-04-28;2020-05-04;Si;;;3618.5002;1054.6880;745;19461.4720;13717;30;4.4990;71;2;425;734;11;544;2;12109;27;0;0
CATALUNYA;GLOBAL;2020-04-27;2020-05-03;Si;;;4037.5440;1074.5076;759;20326.4578;14324;34;4.4290;50;1;449;743;16;562;5;12770;32;0;0
CATALUNYA;GLOBAL;2020-04-26;2020-05-02;Si;;;4330.5916;1208.9981;854;20936.6196;14756;33;5.0011;37;0;467;841;13;659;4;13226;31;0;0
CATALUNYA;GLOBAL;2020-04-25;2020-05-01;Si;;;4821.8355;1319.4218;932;21872.3898;15416;34;5.5484;17;0;490;919;13;768;4;13882;32;0;0
CATALUNYA;GLOBAL;2020-04-24;2020-04-30;Si;;;6095.9553;1562.9202;1104;23530.1612;16579;42;6.7120;0;0;513;1091;13;992;5;14815;39;0;0
CATALUNYA;GLOBAL;2020-04-23;2020-04-29;Si;;;6871.7527;1871.5404;1322;22945.4818;16162;46;8.2522;0;0;533;1309;13;1179;7;14329;43;0;0
CATALUNYA;GLOBAL;2020-04-22;2020-04-28;Si;;;7600.8324;2170.2507;1533;24196.9506;16967;125;10.5610;0;0;556;1502;31;1593;24;15190;121;0;0
CATALUNYA;GLOBAL;2020-04-21;2020-04-27;Si;;;8107.6489;2563.8121;1811;25196.4268;17653;145;12.0950;0;0;602;1769;42;1913;28;15909;139;0;0
CATALUNYA;GLOBAL;2020-04-20;2020-04-26;Si;;;8429.0102;2963.0363;2093;25202.0895;17653;149;14.2260;0;0;636;2052;41;2250;29;15879;141;0;0
CATALUNYA;GLOBAL;2020-04-19;2020-04-25;Si;;;8557.8379;3121.5934;2205;25265.7955;17697;150;15.0637;0;0;696;2161;44;2391;32;15943;142;0;0
CATALUNYA;GLOBAL;2020-04-18;2020-04-24;Si;;;8918.8385;3502.4137;2474;26317.6522;18442;148;16.2262;0;0;750;2427;47;2698;34;16697;140;0;0
CATALUNYA;GLOBAL;2020-04-17;2020-04-23;Si;;;9337.8824;4533.0350;3202;26044.4243;18206;191;19.3627;0;0;814;3135;67;3196;49;16576;183;0;0
CATALUNYA;GLOBAL;2020-04-16;2020-04-22;Si;;;9677.6476;5000.2123;3532;26146.3538;18260;209;21.1784;0;0;892;3443;89;3529;69;16787;202;0;0
CATALUNYA;GLOBAL;2020-04-15;2020-04-21;Si;;;9827.7106;5430.5817;3836;24322.9468;17011;170;23.6754;0;0;970;3740;96;3675;74;15672;163;0;0
CATALUNYA;GLOBAL;2020-04-14;2020-04-20;Si;;;9755.5105;5543.8367;3916;21543.9500;15050;168;26.8054;0;0;1010;3817;99;3678;82;13864;163;0;0
CATALUNYA;GLOBAL;2020-04-13;2020-04-19;Si;;;9778.1615;5465.9739;3861;19407.6758;13502;207;28.1245;0;0;1073;3760;101;3504;83;12550;204;0;0
CATALUNYA;GLOBAL;2020-04-12;2020-04-18;Si;;;9666.3221;5436.2444;3840;18507.2978;12868;205;29.3646;0;0;1148;3740;100;3473;81;11902;201;0;0
CATALUNYA;GLOBAL;2020-04-11;2020-04-17;Si;;;9400.1727;5416.4248;3826;16984.0168;11778;219;31.9822;0;0;1213;3712;114;3430;97;10814;214;0;0
CATALUNYA;GLOBAL;2020-04-10;2020-04-16;Si;;;8634.2851;4804.8473;3394;14709.0051;10219;171;33.1762;0;0;1250;3290;104;3083;85;9382;167;0;0
CATALUNYA;GLOBAL;2020-04-09;2020-04-15;Si;;;8143.0411;4677.4353;3304;13616.0935;9432;186;34.2144;0;0;1299;3209;95;2938;78;8636;179;0;0
CATALUNYA;GLOBAL;2020-04-08;2020-04-14;Si;;;7646.1344;4397.1289;3106;12241.4598;8479;168;34.9848;0;0;1334;3021;85;2687;74;7730;162;0;0
CATALUNYA;GLOBAL;2020-04-07;2020-04-13;Si;;;7266.7299;4211.6737;2975;11465.6624;7856;243;35.1029;0;0;1388;2893;82;2520;72;7148;236;0;0
CATALUNYA;GLOBAL;2020-04-06;2020-04-12;Si;;;7265.3142;4312.1876;3046;11145.7168;7678;195;37.0745;0;0;1402;2969;77;2568;68;6922;188;0;0
CATALUNYA;GLOBAL;2020-04-05;2020-04-11;Si;;;7316.2790;4230.0777;2988;10433.6254;7178;192;38.5989;0;0;1392;2912;76;2483;68;6423;186;0;0
CATALUNYA;GLOBAL;2020-04-04;2020-04-10;Si;;;7069.9491;3983.7478;2814;9468.1257;6515;173;39.9399;0;0;1377;2756;58;2342;50;5821;168;0;0
CATALUNYA;GLOBAL;2020-04-03;2020-04-09;Si;;;6652.3210;3829.4378;2705;9012.2740;6199;167;41.7699;0;0;1384;2660;45;2314;46;5488;162;0;0
CATALUNYA;GLOBAL;2020-04-02;2020-04-08;Si;;;6207.7947;3465.6058;2448;7787.7033;5376;125;44.3367;0;0;1365;2416;32;2118;31;4723;124;0;0
CATALUNYA;GLOBAL;2020-04-01;2020-04-07;Si;;;5754.7744;3249.0054;2295;7077.0276;4900;99;46.4473;0;0;1319;2278;17;2020;13;4279;98;0;0
CATALUNYA;GLOBAL;2020-03-31;2020-04-06;Si;;;5448.9856;3055.0561;2158;6411.6539;4526;3;48.9399;0;0;1243;2152;6;1937;2;3960;2;0;0
CATALUNYA;GLOBAL;2020-03-30;2020-04-05;Si;;;5150.2753;2953.1265;2086;6428.6422;4539;2;47.9548;0;0;1209;2081;5;1910;1;3984;1;0;0
CATALUNYA;GLOBAL;2020-03-29;2020-04-04;Si;;;5073.8281;3086.2012;2180;6624.0072;4678;1;48.8069;0;0;1137;2176;4;2025;0;4149;0;0;0
CATALUNYA;GLOBAL;2020-03-28;2020-04-03;Si;;;4891.2043;3086.2012;2180;6597.1091;4659;1;48.8916;0;0;1053;2176;4;2007;0;4105;0;0;0
CATALUNYA;GLOBAL;2020-03-27;2020-04-02;Si;;;4448.0937;2822.8831;1994;5893.5118;4162;1;49.8914;0;0;959;1990;4;1838;0;3684;0;0;0
CATALUNYA;GLOBAL;2020-03-26;2020-04-01;Si;;;4162.1246;2742.1889;1937;5546.6681;3917;1;50.4007;0;0;860;1936;1;1761;0;3494;0;0;0
CATALUNYA;GLOBAL;2020-03-25;2020-03-31;Si;;;3752.9906;2505.7689;1770;5014.3692;3541;1;51.2386;0;0;761;1770;0;1634;0;3189;0;0;0
CATALUNYA;GLOBAL;2020-03-24;2020-03-30;Si;;;3442.9548;2393.9295;1691;4731.2315;3342;0;51.4531;0;0;673;1691;0;1558;0;3028;0;0;0
CATALUNYA;GLOBAL;2020-03-23;2020-03-29;Si;;;3050.8090;2197.1488;1552;4112.5755;2905;0;53.4884;0;0;575;1552;0;1426;0;2666;0;0;0
CATALUNYA;GLOBAL;2020-03-22;2020-03-28;Si;;;2764.8399;1987.6268;1404;3576.0295;2526;0;53.0733;0;0;493;1404;0;1252;0;2359;0;0;0
CATALUNYA;GLOBAL;2020-03-21;2020-03-27;Si;;;2460.4668;1805.0030;1275;3040.8992;2148;0;53.4850;0;0;423;1275;0;1105;0;2066;0;0;0
CATALUNYA;GLOBAL;2020-03-20;2020-03-26;Si;;;2124.9486;1625.2105;1148;2750.6830;1943;0;51.8913;0;0;345;1148;0;974;0;1877;0;0;0
CATALUNYA;GLOBAL;2020-03-19;2020-03-25;Si;;;1773.8578;1419.9357;1003;2487.3649;1757;0;50.6471;0;0;287;1003;0;861;0;1700;0;0;0
CATALUNYA;GLOBAL;2020-03-18;2020-03-24;Si;;;1500.6299;1247.2217;881;2246.6979;1587;0;48.0156;0;0;250;880;1;738;0;1537;0;0;0
CATALUNYA;GLOBAL;2020-03-17;2020-03-23;Si;;;1210.4138;1049.0252;741;1936.6620;1368;0;46.1596;0;0;218;740;1;613;0;1328;0;0;0
CATALUNYA;GLOBAL;2020-03-16;2020-03-22;Si;;;962.6682;853.6602;603;1691.7479;1195;0;44.6552;0;0;181;602;1;518;0;1160;0;0;0
CATALUNYA;GLOBAL;2020-03-15;2020-03-21;Si;;;832.4249;777.2130;549;1611.0536;1138;0;43.2701;0;0;156;548;1;479;0;1107;0;0;0
CATALUNYA;GLOBAL;2020-03-14;2020-03-20;Si;;;697.9345;655.4638;463;1360.4768;961;0;41.3136;0;0;142;462;1;390;0;944;0;0;0
CATALUNYA;GLOBAL;2020-03-13;2020-03-19;Si;;;523.8048;499.7380;353;1152.3705;814;0;37.5780;0;0;129;352;1;301;0;801;0;0;0
CATALUNYA;GLOBAL;2020-03-12;2020-03-18;Si;;;365.2476;353.9221;250;923.0290;652;0;34.0625;0;0;106;249;1;218;0;640;0;0;0
CATALUNYA;GLOBAL;2020-03-11;2020-03-17;Si;;;260.4867;253.4082;179;713.5070;504;0;31.3765;0;0;91;179;0;155;0;494;0;0;0
CATALUNYA;GLOBAL;2020-03-10;2020-03-16;Si;;;164.2198;161.3885;114;571.9382;404;0;26.1965;0;0;73;114;0;104;0;397;0;0;0
CATALUNYA;GLOBAL;2020-03-09;2020-03-15;Si;;;110.4237;109.0080;77;444.5262;314;0;23.3766;0;0;56;77;0;72;0;308;0;0;0
CATALUNYA;GLOBAL;2020-03-08;2020-03-14;Si;;;56.6275;55.2118;39;328.4397;232;0;14.9780;0;0;42;39;0;34;0;227;0;0;0
CATALUNYA;GLOBAL;2020-03-07;2020-03-13;Si;;;42.4706;42.4706;30;266.1494;188;0;12.9730;0;0;25;30;0;24;0;185;0;0;0
CATALUNYA;GLOBAL;2020-03-06;2020-03-12;Si;;;24.0667;24.0667;17;179.7924;127;0;8.8000;0;0;15;17;0;11;0;125;0;0;0
CATALUNYA;GLOBAL;2020-03-05;2020-03-11;Si;;;11.3255;11.3255;8;110.4237;78;0;3.8961;0;0;10;8;0;3;0;77;0;0;0
CATALUNYA;GLOBAL;2020-03-04;2020-03-10;Si;;;7.0784;7.0784;5;66.5373;47;0;2.1277;0;0;6;5;0;1;0;47;0;0;0
CATALUNYA;GLOBAL;2020-03-03;2020-03-09;Si;;;2.8313;2.8313;2;32.5608;23;0;0.0000;0;0;3;2;0;0;0;23;0;0;0
CATALUNYA;GLOBAL;2020-03-02;2020-03-08;Si;;;1.4156;1.4156;1;19.8196;14;0;0.0000;0;0;2;1;0;0;0;14;0;0;0
CATALUNYA;GLOBAL;2020-03-01;2020-03-07;Si;;;1.4156;1.4156;1;12.7411;9;0;0.0000;0;0;0;1;0;0;0;9;0;0;0
CATALUNYA;GLOBAL;2020-02-29;2020-03-06;Si;;;0.0000;0.0000;0;5.6627;4;0;0.0000;0;0;0;0;0;0;0;4;0;0;0
CATALUNYA;GLOBAL;2020-02-28;2020-03-05;Si;;;0.0000;0.0000;0;4.2470;3;0;0.0000;0;0;0;0;0;0;0;3;0;0;0
CATALUNYA;GLOBAL;2020-02-27;2020-03-04;Si;;;0.0000;0.0000;0;4.2470;3;0;0.0000;0;0;0;0;0;0;0;3;0;0;0
CATALUNYA;GLOBAL;2020-02-26;2020-03-03;Si;;;0.0000;0.0000;0;1.4156;1;0;0.0000;0;0;0;0;0;0;0;1;0;0;0
CATALUNYA;GLOBAL;2020-02-25;2020-03-02;Si;;;0.0000;0.0000;0;0.0000;0;0;0.0000;0;0;0;0;0;0;0;0;0;0;0
CATALUNYA;GLOBAL;2020-02-24;2020-03-01;Si;;;0.0000;0.0000;0;0.0000;0;0;0.0000;0;0;0;0;0;0;0;0;0;0;0
